Entity,Finished to  Completed,Finished to  Completed,Finished to  Completed,Finished to  Completed,Finished to  Completed,Finished to  Completed,Finished to  Completed,Country
Entity,Total,iGV,iGTa,iGTe,oGV,oGTa,oGTe,
AIESEC in Balkh (Expansion),0.0,0.0%,0.0%,0.0%,0.0%,0.0%,0.0%,Afghanistan
Kabul University,0.0,0.0%,0.0%,0.0%,0.0%,0.0%,0.0%,Afghanistan
Kardan University,0.0,0.0%,0.0%,0.0%,0.0%,0.0%,0.0%,Afghanistan
Expansion of Durr√´s,0.0,0.0%,0.0%,0.0%,0.0%,0.0%,0.0%,Albania
Expansion of Elbasan,0.0,0.0%,0.0%,0.0%,0.0%,0.0%,0.0%,Albania
Expansion of Kor√ß√´,0.0,0.0%,0.0%,0.0%,0.0%,0.0%,0.0%,Albania
Expansion of Shkod√´r,0.0,0.0%,0.0%,0.0%,0.0%,0.0%,0.0%,Albania
Expansion of Vlora,0.0,0.0%,0.0%,0.0%,0.0%,0.0%,0.0%,Albania
South Tirana,0.0,0.0%,0.0%,0.0%,0.0%,0.0%,0.0%,Albania
North Tirana,0.0,0.0%,0.0%,0.0%,0.0%,0.0%,0.0%,Albania
Albania MC,0.0,0.0%,0.0%,0.0%,0.0%,0.0%,0.0%,Albania
Babez,16.13,0.0%,0.0%,0.0%,66.67%,16.67%,6.25%,Algeria
Bejaia,33.33,0.0%,0.0%,0.0%,0.0%,100.0%,0.0%,Algeria
Benak,5.88,0.0%,0.0%,0.0%,0.0%,12.5%,0.0%,Algeria
Blida,6.67,0.0%,0.0%,0.0%,0.0%,0.0%,10.0%,Algeria
Constantine,26.67,0.0%,0.0%,0.0%,100.0%,0.0%,0.0%,Algeria
Oran,10.0,0.0%,0.0%,0.0%,100.0%,0.0%,7.14%,Algeria
Ouargla,20.0,0.0%,0.0%,0.0%,100.0%,0.0%,0.0%,Algeria
Tlemcen,0.0,0.0%,0.0%,0.0%,0.0%,0.0%,0.0%,Algeria
Andorra La Vella,0.0,0.0%,0.0%,0.0%,0.0%,0.0%,0.0%,Andorra
La Plata,0.0,0.0%,0.0%,0.0%,0.0%,0.0%,0.0%,Argentina
C√≥rdoba,0.0,0.0%,0.0%,0.0%,0.0%,0.0%,0.0%,Argentina
Neuqu√©n,0.0,0.0%,0.0%,0.0%,0.0%,0.0%,0.0%,Argentina
Santiago del Estero,0.0,0.0%,0.0%,0.0%,0.0%,0.0%,0.0%,Argentina
Santa Fe,0.0,0.0%,0.0%,0.0%,0.0%,0.0%,0.0%,Argentina
Buenos Aires USAL,0.0,0.0%,0.0%,0.0%,0.0%,0.0%,0.0%,Argentina
Buenos Aires,33.33,0.0%,100.0%,0.0%,0.0%,0.0%,0.0%,Argentina
MC Argentina,0.0,0.0%,0.0%,0.0%,0.0%,0.0%,0.0%,Argentina
Buenos Aires UBA FCE,0.0,0.0%,0.0%,0.0%,0.0%,0.0%,0.0%,Argentina
Mendoza,50.0,100.0%,0.0%,0.0%,0.0%,0.0%,0.0%,Argentina
Entre R√≠os,0.0,0.0%,0.0%,0.0%,0.0%,0.0%,0.0%,Argentina
Rosario (Argentina),70.0,75.0%,0.0%,0.0%,0.0%,50.0%,0.0%,Argentina
San Juan Argentina,14.29,0.0%,0.0%,0.0%,100.0%,0.0%,0.0%,Argentina
Bah√≠a Blanca,0.0,0.0%,0.0%,0.0%,0.0%,0.0%,0.0%,Argentina
Tucum√°n,0.0,0.0%,0.0%,0.0%,0.0%,0.0%,0.0%,Argentina
Salta,50.0,66.67%,0.0%,0.0%,0.0%,0.0%,0.0%,Argentina
YEREVAN,0.0,0.0%,0.0%,0.0%,0.0%,0.0%,0.0%,Armenia
Deakin University,0.0,0.0%,0.0%,0.0%,0.0%,0.0%,0.0%,Australia
University of Adelaide,0.0,0.0%,0.0%,0.0%,0.0%,0.0%,0.0%,Australia
Murdoch University,0.0,0.0%,0.0%,0.0%,0.0%,0.0%,0.0%,Australia
D - AIESEC in Australian Catholic University,0.0,0.0%,0.0%,0.0%,0.0%,0.0%,0.0%,Australia
D - AIESEC in Australian Catholic University,0.0,0.0%,0.0%,0.0%,0.0%,0.0%,0.0%,Australia
University of Queensland,0.0,0.0%,0.0%,0.0%,0.0%,0.0%,0.0%,Australia
University of Technology Sydney,100.0,0.0%,0.0%,0.0%,100.0%,0.0%,0.0%,Australia
Macquarie University,50.0,0.0%,0.0%,0.0%,50.0%,0.0%,0.0%,Australia
University of Sydney,100.0,0.0%,0.0%,0.0%,100.0%,0.0%,0.0%,Australia
Monash University,33.33,0.0%,0.0%,0.0%,33.33%,0.0%,0.0%,Australia
Central Sydney,0.0,0.0%,0.0%,0.0%,0.0%,0.0%,0.0%,Australia
Edith Cowan University,0.0,0.0%,0.0%,0.0%,0.0%,0.0%,0.0%,Australia
University of New South Wales (UNSW),75.0,0.0%,0.0%,0.0%,75.0%,0.0%,0.0%,Australia
Murdoch University,0.0,0.0%,0.0%,0.0%,0.0%,0.0%,0.0%,Australia
Queensland University of Technology,0.0,0.0%,0.0%,0.0%,0.0%,0.0%,0.0%,Australia
University of Western Australia,0.0,0.0%,0.0%,0.0%,0.0%,0.0%,0.0%,Australia
South Australia,0.0,0.0%,0.0%,0.0%,0.0%,0.0%,0.0%,Australia
Edith Cowan University,0.0,0.0%,0.0%,0.0%,0.0%,0.0%,0.0%,Australia
University of Melbourne,66.67,0.0%,0.0%,0.0%,66.67%,0.0%,0.0%,Australia
D - Australian Catholic University,0.0,0.0%,0.0%,0.0%,0.0%,0.0%,0.0%,Australia
Australian National University,0.0,0.0%,0.0%,0.0%,0.0%,0.0%,0.0%,Australia
Curtin University,0.0,0.0%,0.0%,0.0%,0.0%,0.0%,0.0%,Australia
Royal Melbourne Institute of Technology,0.0,0.0%,0.0%,0.0%,0.0%,0.0%,0.0%,Australia
MC Australia,0.0,0.0%,0.0%,0.0%,0.0%,0.0%,0.0%,Australia
LINZ,50.0,0.0%,0.0%,0.0%,0.0%,100.0%,0.0%,Austria
VIENNA TU,0.0,0.0%,0.0%,0.0%,0.0%,0.0%,0.0%,Austria
VIENNA UV,50.0,0.0%,0.0%,0.0%,100.0%,0.0%,0.0%,Austria
VIENNA WU,50.0,0.0%,66.67%,0.0%,0.0%,0.0%,0.0%,Austria
AUSTRIA MC,0.0,0.0%,0.0%,0.0%,0.0%,0.0%,0.0%,Austria
GRAZ,50.0,0.0%,100.0%,0.0%,0.0%,0.0%,0.0%,Austria
INNSBRUCK,0.0,0.0%,0.0%,0.0%,0.0%,0.0%,0.0%,Austria
Baku Qafqaz,20.0,0.0%,0.0%,0.0%,100.0%,0.0%,0.0%,Azerbaijan
Baku Synergy,40.0,0.0%,0.0%,0.0%,100.0%,0.0%,0.0%,Azerbaijan
Baku ADA,66.67,0.0%,0.0%,0.0%,100.0%,50.0%,0.0%,Azerbaijan
Expansion Ganja,0.0,0.0%,0.0%,0.0%,0.0%,0.0%,0.0%,Azerbaijan
Expansion Khazar,0.0,0.0%,0.0%,0.0%,0.0%,0.0%,0.0%,Azerbaijan
Expansion Lankaran,0.0,0.0%,0.0%,0.0%,0.0%,0.0%,0.0%,Azerbaijan
Expansion Sumgayit,0.0,0.0%,0.0%,0.0%,0.0%,0.0%,0.0%,Azerbaijan
MC Azerbaijan,0.0,0.0%,0.0%,0.0%,0.0%,0.0%,0.0%,Azerbaijan
Awal,50.0,0.0%,0.0%,0.0%,50.0%,50.0%,0.0%,Bahrain
Tylos,100.0,0.0%,0.0%,0.0%,100.0%,0.0%,0.0%,Bahrain
MC Bahrain,0.0,0.0%,0.0%,0.0%,0.0%,0.0%,0.0%,Bahrain
Dilmun,100.0,0.0%,0.0%,0.0%,100.0%,0.0%,0.0%,Bahrain
Dhaka North,0.0,0.0%,0.0%,0.0%,0.0%,0.0%,0.0%,Bangladesh
Dhaka South,0.0,0.0%,0.0%,0.0%,0.0%,0.0%,0.0%,Bangladesh
IUT - Islamic University of Technology,0.0,0.0%,0.0%,0.0%,0.0%,0.0%,0.0%,Bangladesh
National Office,0.0,0.0%,0.0%,0.0%,0.0%,0.0%,0.0%,Bangladesh
BRIDGETOWN,0.0,0.0%,0.0%,0.0%,0.0%,0.0%,0.0%,Barbados
Belarus (MC),0.0,0.0%,0.0%,0.0%,0.0%,0.0%,0.0%,Belarus
Grodno [Expansion],0.0,0.0%,0.0%,0.0%,0.0%,0.0%,0.0%,Belarus
Minsk,0.0,0.0%,0.0%,0.0%,0.0%,0.0%,0.0%,Belarus
Belgium (National),4.65,0.0%,4.88%,0.0%,0.0%,0.0%,0.0%,Belgium
Campus Brussels,0.0,0.0%,0.0%,0.0%,0.0%,0.0%,0.0%,Belgium
Gent,33.33,0.0%,0.0%,0.0%,50.0%,0.0%,0.0%,Belgium
IHECS,0.0,0.0%,0.0%,0.0%,0.0%,0.0%,0.0%,Belgium
LEUVEN,33.33,0.0%,0.0%,0.0%,50.0%,0.0%,0.0%,Belgium
LIMBURG,0.0,0.0%,0.0%,0.0%,0.0%,0.0%,0.0%,Belgium
LOUVAIN LA NEUVE,0.0,0.0%,0.0%,0.0%,0.0%,0.0%,0.0%,Belgium
Luxembourg,0.0,0.0%,0.0%,0.0%,0.0%,0.0%,0.0%,Belgium
MC (BELGIUM),0.0,0.0%,0.0%,0.0%,0.0%,0.0%,0.0%,Belgium
"ULB, St. Louis, IHECS, ICHEC",0.0,0.0%,0.0%,0.0%,0.0%,0.0%,0.0%,Belgium
ULB,0.0,0.0%,0.0%,0.0%,0.0%,0.0%,0.0%,Belgium
University of Antwerp (UA),0.0,0.0%,0.0%,0.0%,0.0%,0.0%,0.0%,Belgium
VUB,0.0,0.0%,0.0%,0.0%,0.0%,0.0%,0.0%,Belgium
MC Benin 2,0.0,0.0%,0.0%,0.0%,0.0%,0.0%,0.0%,Benin
Porto-Novo,100.0,100.0%,0.0%,0.0%,0.0%,0.0%,0.0%,Benin
UATM Gasa Formation,0.0,0.0%,0.0%,0.0%,0.0%,0.0%,0.0%,Benin
Abomey-Calavi,0.0,0.0%,0.0%,0.0%,0.0%,0.0%,0.0%,Benin
Cotonou,0.0,0.0%,0.0%,0.0%,0.0%,0.0%,0.0%,Benin
ENEAM,0.0,0.0%,0.0%,0.0%,0.0%,0.0%,0.0%,Benin
MC Benin,50.0,0.0%,0.0%,0.0%,50.0%,0.0%,0.0%,Benin
Thimphu,0.0,0.0%,0.0%,0.0%,0.0%,0.0%,0.0%,Bhutan
ALTIPLANO,0.0,0.0%,0.0%,0.0%,0.0%,0.0%,0.0%,Bolivia
COCHABAMBA,54.55,85.71%,0.0%,0.0%,0.0%,0.0%,0.0%,Bolivia
Expansiones Bolivia,50.0,0.0%,0.0%,0.0%,100.0%,0.0%,0.0%,Bolivia
LA LLAJTA,0.0,0.0%,0.0%,0.0%,0.0%,0.0%,0.0%,Bolivia
LA PAZ,60.0,85.71%,0.0%,0.0%,0.0%,0.0%,0.0%,Bolivia
TARIJA,33.33,0.0%,0.0%,0.0%,0.0%,100.0%,0.0%,Bolivia
MC BOLIVIA,50.0,0.0%,50.0%,0.0%,0.0%,0.0%,0.0%,Bolivia
Santa Cruz,30.77,50.0%,0.0%,0.0%,0.0%,0.0%,0.0%,Bolivia
Sucre,100.0,0.0%,0.0%,0.0%,100.0%,0.0%,0.0%,Bolivia
Expansion Villa Imperial - Bolivia,0.0,0.0%,0.0%,0.0%,0.0%,0.0%,0.0%,Bolivia
Expansion Gran Chaco - Bolivia,0.0,0.0%,0.0%,0.0%,0.0%,0.0%,0.0%,Bolivia
Expansion Oriente - Bolivia,0.0,0.0%,0.0%,0.0%,0.0%,0.0%,0.0%,Bolivia
Expansion Oruro - Bolivia,50.0,0.0%,0.0%,0.0%,50.0%,0.0%,0.0%,Bolivia
BANjA LUKA,0.0,0.0%,0.0%,0.0%,0.0%,0.0%,0.0%,Bosnia and Herzegovina
MOSTAR,0.0,0.0%,0.0%,0.0%,0.0%,0.0%,0.0%,Bosnia and Herzegovina
SARAJEVO,50.0,0.0%,0.0%,0.0%,0.0%,0.0%,100.0%,Bosnia and Herzegovina
BIUST,0.0,0.0%,0.0%,0.0%,0.0%,0.0%,0.0%,Botswana
BIUST,0.0,0.0%,0.0%,0.0%,0.0%,0.0%,0.0%,Botswana
BIUST,0.0,0.0%,0.0%,0.0%,0.0%,0.0%,0.0%,Botswana
BIUST,0.0,0.0%,0.0%,0.0%,0.0%,0.0%,0.0%,Botswana
BIUST,0.0,0.0%,0.0%,0.0%,0.0%,0.0%,0.0%,Botswana
BIUST,0.0,0.0%,0.0%,0.0%,0.0%,0.0%,0.0%,Botswana
Botswana International University of Science and Technology,0.0,0.0%,0.0%,0.0%,0.0%,0.0%,0.0%,Botswana
GIPS,0.0,0.0%,0.0%,0.0%,0.0%,0.0%,0.0%,Botswana
LIMKOKWING,0.0,0.0%,0.0%,0.0%,0.0%,0.0%,0.0%,Botswana
UNIVERSITY OF BOTSWANA,0.0,0.0%,0.0%,0.0%,0.0%,0.0%,0.0%,Botswana
TERESINA,33.33,0.0%,0.0%,0.0%,0.0%,50.0%,0.0%,Brazil
SOROCABA,0.0,0.0%,0.0%,0.0%,0.0%,0.0%,0.0%,Brazil
UBERL√ÇNDIA,0.0,0.0%,0.0%,0.0%,0.0%,0.0%,0.0%,Brazil
SANTOS,0.0,0.0%,0.0%,0.0%,0.0%,0.0%,0.0%,Brazil
BRAS√çLIA,20.0,0.0%,0.0%,0.0%,66.67%,0.0%,0.0%,Brazil
CHAPECO,0.0,0.0%,0.0%,0.0%,0.0%,0.0%,0.0%,Brazil
PORTO ALEGRE,9.09,0.0%,20.0%,0.0%,0.0%,6.25%,0.0%,Brazil
SALVADOR,40.74,54.55%,0.0%,0.0%,50.0%,0.0%,100.0%,Brazil
FORTALEZA,24.39,38.89%,0.0%,0.0%,60.0%,0.0%,0.0%,Brazil
ARACAJU,76.92,100.0%,0.0%,0.0%,0.0%,0.0%,0.0%,Brazil
PELOTAS,57.14,60.0%,0.0%,0.0%,0.0%,50.0%,0.0%,Brazil
FLORIAN√ìPOLIS,16.67,20.0%,0.0%,0.0%,66.67%,0.0%,0.0%,Brazil
SANTA MARIA,40.0,0.0%,0.0%,0.0%,100.0%,33.33%,0.0%,Brazil
BELO HORIZONTE,13.33,0.0%,50.0%,0.0%,0.0%,11.11%,0.0%,Brazil
MC BRASIL,25.0,0.0%,25.0%,0.0%,0.0%,0.0%,0.0%,Brazil
MARING√Å,16.67,0.0%,0.0%,0.0%,50.0%,0.0%,0.0%,Brazil
JOAO PESSOA,0.0,0.0%,0.0%,0.0%,0.0%,0.0%,0.0%,Brazil
RECIFE,0.0,0.0%,0.0%,0.0%,0.0%,0.0%,0.0%,Brazil
RIO DE JANEIRO,60.0,87.5%,0.0%,0.0%,80.0%,0.0%,0.0%,Brazil
BEL√âM,0.0,0.0%,0.0%,0.0%,0.0%,0.0%,0.0%,Brazil
ITAJUBA,0.0,0.0%,0.0%,0.0%,0.0%,0.0%,0.0%,Brazil
USP,18.52,66.67%,0.0%,0.0%,22.22%,7.69%,0.0%,Brazil
CURITIBA,9.52,66.67%,0.0%,0.0%,33.33%,5.88%,0.0%,Brazil
MANAUS,0.0,0.0%,0.0%,0.0%,0.0%,0.0%,0.0%,Brazil
GET√öLIO VARGAS,15.38,100.0%,0.0%,0.0%,0.0%,11.11%,0.0%,Brazil
LIMEIRA,16.67,50.0%,0.0%,0.0%,33.33%,0.0%,0.0%,Brazil
SAO CARLOS,0.0,0.0%,0.0%,0.0%,0.0%,0.0%,0.0%,Brazil
VIT√ìRIA,0.0,0.0%,0.0%,0.0%,0.0%,0.0%,0.0%,Brazil
FRANCA,33.33,50.0%,0.0%,0.0%,100.0%,0.0%,0.0%,Brazil
ABC,0.0,0.0%,0.0%,0.0%,0.0%,0.0%,0.0%,Brazil
BLUMENAU,33.33,0.0%,0.0%,0.0%,50.0%,0.0%,0.0%,Brazil
Maceio,50.0,0.0%,0.0%,0.0%,0.0%,50.0%,0.0%,Brazil
BAURU,0.0,0.0%,0.0%,0.0%,0.0%,0.0%,0.0%,Brazil
MACKENZIE,28.57,100.0%,0.0%,0.0%,37.5%,16.67%,0.0%,Brazil
MC Bulgaria,0.0,0.0%,0.0%,0.0%,0.0%,0.0%,0.0%,Bulgaria
Sofia University,0.0,0.0%,0.0%,0.0%,0.0%,0.0%,0.0%,Bulgaria
Sofia UNWE,0.0,0.0%,0.0%,0.0%,0.0%,0.0%,0.0%,Bulgaria
AIESEC in Ouagadougou,0.0,0.0%,0.0%,0.0%,0.0%,0.0%,0.0%,Burkina Faso
BF expansion,0.0,0.0%,0.0%,0.0%,0.0%,0.0%,0.0%,Burkina Faso
Bobo-Dioulasso,0.0,0.0%,0.0%,0.0%,0.0%,0.0%,0.0%,Burkina Faso
Koudougou,0.0,0.0%,0.0%,0.0%,0.0%,0.0%,0.0%,Burkina Faso
Assomada (Expansion),0.0,0.0%,0.0%,0.0%,0.0%,0.0%,0.0%,Cabo Verde
PRAIA,0.0,0.0%,0.0%,0.0%,0.0%,0.0%,0.0%,Cabo Verde
IFL,60.0,66.67%,0.0%,0.0%,0.0%,0.0%,0.0%,Cambodia
LUCT,36.36,37.5%,0.0%,33.33%,0.0%,0.0%,0.0%,Cambodia
MC Cambodia,0.0,0.0%,0.0%,0.0%,0.0%,0.0%,0.0%,Cambodia
Phnom Penh,50.0,50.0%,0.0%,0.0%,0.0%,0.0%,0.0%,Cambodia
Wat Phnom,50.0,100.0%,0.0%,0.0%,0.0%,0.0%,0.0%,Cambodia
LC Yaounde,0.0,0.0%,0.0%,0.0%,0.0%,0.0%,0.0%,Cameroon
Bamenda,0.0,0.0%,0.0%,0.0%,0.0%,0.0%,0.0%,Cameroon
Bangangt√©,0.0,0.0%,0.0%,0.0%,0.0%,0.0%,0.0%,Cameroon
Bangangt√©,0.0,0.0%,0.0%,0.0%,0.0%,0.0%,0.0%,Cameroon
Bangangt√©,0.0,0.0%,0.0%,0.0%,0.0%,0.0%,0.0%,Cameroon
Bangangt√©,0.0,0.0%,0.0%,0.0%,0.0%,0.0%,0.0%,Cameroon
Buea,0.0,0.0%,0.0%,0.0%,0.0%,0.0%,0.0%,Cameroon
Douala,25.0,0.0%,0.0%,0.0%,100.0%,0.0%,0.0%,Cameroon
DSCHANG,0.0,0.0%,0.0%,0.0%,0.0%,0.0%,0.0%,Cameroon
Maroua,0.0,0.0%,0.0%,0.0%,0.0%,0.0%,0.0%,Cameroon
Brock,0.0,0.0%,0.0%,0.0%,0.0%,0.0%,0.0%,Canada
MANITOBA,0.0,0.0%,0.0%,0.0%,0.0%,0.0%,0.0%,Canada
HALIFAX,0.0,0.0%,0.0%,0.0%,0.0%,0.0%,0.0%,Canada
MCMASTER,0.0,0.0%,0.0%,0.0%,0.0%,0.0%,0.0%,Canada
CONCORDIA,0.0,0.0%,0.0%,0.0%,0.0%,0.0%,0.0%,Canada
MC Canada,0.0,0.0%,0.0%,0.0%,0.0%,0.0%,0.0%,Canada
MEMORIAL,0.0,0.0%,0.0%,0.0%,0.0%,0.0%,0.0%,Canada
HEC,0.0,0.0%,0.0%,0.0%,0.0%,0.0%,0.0%,Canada
OTTAWA,0.0,0.0%,0.0%,0.0%,0.0%,0.0%,0.0%,Canada
McGill (Macdonald),0.0,0.0%,0.0%,0.0%,0.0%,0.0%,0.0%,Canada
SFU,0.0,0.0%,0.0%,0.0%,0.0%,0.0%,0.0%,Canada
YORK,0.0,0.0%,0.0%,0.0%,0.0%,0.0%,0.0%,Canada
GUELPH,0.0,0.0%,0.0%,0.0%,0.0%,0.0%,0.0%,Canada
WINDSOR,0.0,0.0%,0.0%,0.0%,0.0%,0.0%,0.0%,Canada
LAVAL,0.0,0.0%,0.0%,0.0%,0.0%,0.0%,0.0%,Canada
SHERBROOKE,0.0,0.0%,0.0%,0.0%,0.0%,0.0%,0.0%,Canada
Queen's,0.0,0.0%,0.0%,0.0%,0.0%,0.0%,0.0%,Canada
MRU,0.0,0.0%,0.0%,0.0%,0.0%,0.0%,0.0%,Canada
EDMONTON,0.0,0.0%,0.0%,0.0%,0.0%,0.0%,0.0%,Canada
MCGILL,0.0,0.0%,0.0%,0.0%,0.0%,0.0%,0.0%,Canada
WESTERN,0.0,0.0%,0.0%,0.0%,0.0%,0.0%,0.0%,Canada
LAURIER,0.0,0.0%,0.0%,0.0%,0.0%,0.0%,0.0%,Canada
CALGARY,12.5,0.0%,7.69%,0.0%,50.0%,0.0%,0.0%,Canada
UBC,16.67,0.0%,0.0%,0.0%,25.0%,0.0%,0.0%,Canada
UQAM,16.67,0.0%,0.0%,0.0%,25.0%,0.0%,0.0%,Canada
CARLETON,0.0,0.0%,0.0%,0.0%,0.0%,0.0%,0.0%,Canada
SASKATOON,0.0,0.0%,0.0%,0.0%,0.0%,0.0%,0.0%,Canada
Toronto Metropolitan University,0.0,0.0%,0.0%,0.0%,0.0%,0.0%,0.0%,Canada
Toronto,0.0,0.0%,0.0%,0.0%,0.0%,0.0%,0.0%,Canada
VICTORIA,0.0,0.0%,0.0%,0.0%,0.0%,0.0%,0.0%,Canada
WATERLOO,0.0,0.0%,0.0%,0.0%,0.0%,0.0%,0.0%,Canada
OSHAWA,0.0,0.0%,0.0%,0.0%,0.0%,0.0%,0.0%,Canada
MONCTON,0.0,0.0%,0.0%,0.0%,0.0%,0.0%,0.0%,Canada
CONCEPCI√ìN,0.0,0.0%,0.0%,0.0%,0.0%,0.0%,0.0%,Chile
MC CHILE,15.38,0.0%,15.38%,0.0%,0.0%,0.0%,0.0%,Chile
SANTIAGO DE CHILE,0.0,0.0%,0.0%,0.0%,0.0%,0.0%,0.0%,Chile
TEMUCO,0.0,0.0%,0.0%,0.0%,0.0%,0.0%,0.0%,Chile
Javeriana,36.84,100.0%,0.0%,0.0%,66.67%,0.0%,0.0%,Colombia
ROSARIO,14.29,50.0%,0.0%,0.0%,0.0%,0.0%,0.0%,Colombia
BUCARAMANGA,11.11,50.0%,0.0%,0.0%,0.0%,0.0%,0.0%,Colombia
ECI,0.0,0.0%,0.0%,0.0%,0.0%,0.0%,0.0%,Colombia
CENTRAL,100.0,0.0%,0.0%,0.0%,100.0%,0.0%,0.0%,Colombia
VILLAVICENCIO,100.0,0.0%,0.0%,0.0%,100.0%,0.0%,0.0%,Colombia
EXTERNADO,25.0,0.0%,0.0%,0.0%,100.0%,0.0%,0.0%,Colombia
C√öCUTA,50.0,66.67%,0.0%,0.0%,50.0%,0.0%,0.0%,Colombia
CALI,0.0,0.0%,0.0%,0.0%,0.0%,0.0%,0.0%,Colombia
EAFIT,33.33,0.0%,0.0%,0.0%,50.0%,0.0%,0.0%,Colombia
MANIZALES,0.0,0.0%,0.0%,0.0%,0.0%,0.0%,0.0%,Colombia
JAVERIANA CALI,0.0,0.0%,0.0%,0.0%,0.0%,0.0%,0.0%,Colombia
NEIVA,0.0,0.0%,0.0%,0.0%,0.0%,0.0%,0.0%,Colombia
POPAYAN,0.0,0.0%,0.0%,0.0%,0.0%,0.0%,0.0%,Colombia
EAN,0.0,0.0%,0.0%,0.0%,0.0%,0.0%,0.0%,Colombia
UdeA,50.0,100.0%,0.0%,0.0%,0.0%,0.0%,0.0%,Colombia
IBAGU√â,0.0,0.0%,0.0%,0.0%,0.0%,0.0%,0.0%,Colombia
VALLEDUPAR,0.0,0.0%,0.0%,0.0%,0.0%,0.0%,0.0%,Colombia
SOLAR,100.0,0.0%,0.0%,0.0%,100.0%,0.0%,0.0%,Colombia
PASTO,0.0,0.0%,0.0%,0.0%,0.0%,0.0%,0.0%,Colombia
UNINORTE,20.0,33.33%,0.0%,0.0%,100.0%,0.0%,0.0%,Colombia
MONTERIA,0.0,0.0%,0.0%,0.0%,0.0%,0.0%,0.0%,Colombia
ANDES,0.0,0.0%,0.0%,0.0%,0.0%,0.0%,0.0%,Colombia
TUNJA,0.0,0.0%,0.0%,0.0%,0.0%,0.0%,0.0%,Colombia
UPB,0.0,0.0%,0.0%,0.0%,0.0%,0.0%,0.0%,Colombia
SANTA MARTA,0.0,0.0%,0.0%,0.0%,0.0%,0.0%,0.0%,Colombia
UCR,50.0,0.0%,0.0%,0.0%,100.0%,0.0%,0.0%,Costa Rica
Heredia,33.33,0.0%,0.0%,0.0%,33.33%,0.0%,0.0%,Costa Rica
MC Costa Rica,3.85,4.35%,0.0%,0.0%,0.0%,0.0%,0.0%,Costa Rica
TEC,0.0,0.0%,0.0%,0.0%,0.0%,0.0%,0.0%,Costa Rica
UMAN,0.0,0.0%,0.0%,0.0%,0.0%,0.0%,0.0%,Cote D'Ivoire
MAN,0.0,0.0%,0.0%,0.0%,0.0%,0.0%,0.0%,Cote D'Ivoire
YAMOUSSOUKRO (Expansion),0.0,0.0%,0.0%,0.0%,0.0%,0.0%,0.0%,Cote D'Ivoire
U-MAN,0.0,0.0%,0.0%,0.0%,0.0%,0.0%,0.0%,Cote D'Ivoire
KORHOGO (Expansion),0.0,0.0%,0.0%,0.0%,0.0%,0.0%,0.0%,Cote D'Ivoire
UMAN,0.0,0.0%,0.0%,0.0%,0.0%,0.0%,0.0%,Cote D'Ivoire
UMAN,0.0,0.0%,0.0%,0.0%,0.0%,0.0%,0.0%,Cote D'Ivoire
MAN,0.0,0.0%,0.0%,0.0%,0.0%,0.0%,0.0%,Cote D'Ivoire
ABIDJAN SUD,25.0,0.0%,0.0%,0.0%,0.0%,50.0%,0.0%,Cote D'Ivoire
U-MAN,0.0,0.0%,0.0%,0.0%,0.0%,0.0%,0.0%,Cote D'Ivoire
ABIDJAN NORD (Expansion),0.0,0.0%,0.0%,0.0%,0.0%,0.0%,0.0%,Cote D'Ivoire
UIPA,0.0,0.0%,0.0%,0.0%,0.0%,0.0%,0.0%,Cote D'Ivoire
COCODY-ABIDJAN,33.33,0.0%,0.0%,0.0%,0.0%,0.0%,100.0%,Cote D'Ivoire
BOUAKE,0.0,0.0%,0.0%,0.0%,0.0%,0.0%,0.0%,Cote D'Ivoire
DALOA,0.0,0.0%,0.0%,0.0%,0.0%,0.0%,0.0%,Cote D'Ivoire
UMAN,0.0,0.0%,0.0%,0.0%,0.0%,0.0%,0.0%,Cote D'Ivoire
U-MAN (Expansion),50.0,0.0%,0.0%,0.0%,50.0%,0.0%,0.0%,Cote D'Ivoire
U-MAN,0.0,0.0%,0.0%,0.0%,0.0%,0.0%,0.0%,Cote D'Ivoire
ZADAR,0.0,0.0%,0.0%,0.0%,0.0%,0.0%,0.0%,Croatia
OSIJEK,0.0,0.0%,0.0%,0.0%,0.0%,0.0%,0.0%,Croatia
AIESEC in Split,0.0,0.0%,0.0%,0.0%,0.0%,0.0%,0.0%,Croatia
ZAGREB,0.0,0.0%,0.0%,0.0%,0.0%,0.0%,0.0%,Croatia
AIESEC in University of Nicosia (managing all universities of Cyprus),0.0,0.0%,0.0%,0.0%,0.0%,0.0%,0.0%,Cyprus
University of Nicosia (managing all universities of Cyprus),0.0,0.0%,0.0%,0.0%,0.0%,0.0%,0.0%,Cyprus
AIESEC in University of Nicosia (managing all universities of Cyprus),0.0,0.0%,0.0%,0.0%,0.0%,0.0%,0.0%,Cyprus
Liberec üö´,0.0,0.0%,0.0%,0.0%,0.0%,0.0%,0.0%,Czech Republic
"MC Czech Republic, Prague",0.0,0.0%,0.0%,0.0%,0.0%,0.0%,0.0%,Czech Republic
OLOMOUC,0.0,0.0%,0.0%,0.0%,0.0%,0.0%,0.0%,Czech Republic
BRNO,58.82,64.29%,0.0%,0.0%,33.33%,0.0%,0.0%,Czech Republic
ƒåesk√© Budƒõjovice üö´,0.0,0.0%,0.0%,0.0%,0.0%,0.0%,0.0%,Czech Republic
CUNI Praha üö´,0.0,0.0%,0.0%,0.0%,0.0%,0.0%,0.0%,Czech Republic
ƒåZU Praha,0.0,0.0%,0.0%,0.0%,0.0%,0.0%,0.0%,Czech Republic
Hradec Kr√°lov√© üö´,0.0,0.0%,0.0%,0.0%,0.0%,0.0%,0.0%,Czech Republic
Ostrava üö´,0.0,0.0%,0.0%,0.0%,0.0%,0.0%,0.0%,Czech Republic
PILSEN,50.0,50.0%,0.0%,0.0%,0.0%,0.0%,0.0%,Czech Republic
PRAGUE,100.0,100.0%,0.0%,0.0%,0.0%,100.0%,0.0%,Czech Republic
Denmark (National Office),50.0,0.0%,50.0%,0.0%,0.0%,0.0%,0.0%,Denmark
Horsens,0.0,0.0%,0.0%,0.0%,0.0%,0.0%,0.0%,Denmark
Odense,0.0,0.0%,0.0%,0.0%,0.0%,0.0%,0.0%,Denmark
Aalborg,0.0,0.0%,0.0%,0.0%,0.0%,0.0%,0.0%,Denmark
Aarhus,0.0,0.0%,0.0%,0.0%,0.0%,0.0%,0.0%,Denmark
Copenhagen,0.0,0.0%,0.0%,0.0%,0.0%,0.0%,0.0%,Denmark
UNIBE,0.0,0.0%,0.0%,0.0%,0.0%,0.0%,0.0%,Dominican Republic
UNPHU,0.0,0.0%,0.0%,0.0%,0.0%,0.0%,0.0%,Dominican Republic
PUCMM,50.0,0.0%,0.0%,0.0%,50.0%,0.0%,0.0%,Dominican Republic
MC Dominican Republic,0.0,0.0%,0.0%,0.0%,0.0%,0.0%,0.0%,Dominican Republic
PUCE,14.29,50.0%,0.0%,0.0%,0.0%,0.0%,0.0%,Ecuador
UDLA,0.0,0.0%,0.0%,0.0%,0.0%,0.0%,0.0%,Ecuador
USFQ,0.0,0.0%,0.0%,0.0%,0.0%,0.0%,0.0%,Ecuador
Ambato,90.0,0.0%,0.0%,0.0%,90.0%,0.0%,0.0%,Ecuador
Cuenca,0.0,0.0%,0.0%,0.0%,0.0%,0.0%,0.0%,Ecuador
Loja,0.0,0.0%,0.0%,0.0%,0.0%,0.0%,0.0%,Ecuador
Machala,66.67,0.0%,0.0%,0.0%,66.67%,0.0%,0.0%,Ecuador
ESPE,0.0,0.0%,0.0%,0.0%,0.0%,0.0%,0.0%,Ecuador
Expansiones Ecuador,25.0,0.0%,0.0%,0.0%,100.0%,0.0%,0.0%,Ecuador
Guayaquil,14.29,0.0%,0.0%,0.0%,50.0%,0.0%,0.0%,Ecuador
Manabi,93.33,0.0%,0.0%,0.0%,93.33%,0.0%,0.0%,Ecuador
Galala,0.0,0.0%,0.0%,0.0%,0.0%,0.0%,0.0%,Egypt
AAST In CAIRO,10.0,0.0%,0.0%,0.0%,0.0%,14.29%,0.0%,Egypt
Market expansion,0.0,0.0%,0.0%,0.0%,0.0%,0.0%,0.0%,Egypt
Helwan,22.22,37.5%,0.0%,0.0%,50.0%,0.0%,0.0%,Egypt
GUC,50.0,53.33%,50.0%,0.0%,0.0%,0.0%,0.0%,Egypt
Zagazig,66.67,77.78%,100.0%,0.0%,80.0%,0.0%,0.0%,Egypt
Suez,0.0,0.0%,0.0%,0.0%,0.0%,0.0%,0.0%,Egypt
AUC,0.0,0.0%,0.0%,0.0%,0.0%,0.0%,0.0%,Egypt
Damietta,100.0,100.0%,0.0%,0.0%,0.0%,0.0%,0.0%,Egypt
Ain Shams University,38.89,53.33%,33.33%,16.67%,66.67%,33.33%,0.0%,Egypt
6th October University,58.33,75.0%,0.0%,0.0%,100.0%,0.0%,0.0%,Egypt
Menofia,40.0,33.33%,33.33%,100.0%,50.0%,0.0%,0.0%,Egypt
MUST,40.0,66.67%,0.0%,0.0%,0.0%,0.0%,0.0%,Egypt
Cairo University,27.27,100.0%,0.0%,0.0%,0.0%,0.0%,20.0%,Egypt
AAST Alexandria,60.0,100.0%,100.0%,0.0%,100.0%,0.0%,0.0%,Egypt
Tanta,33.33,25.0%,0.0%,0.0%,0.0%,0.0%,100.0%,Egypt
MIU,25.0,0.0%,0.0%,0.0%,0.0%,50.0%,0.0%,Egypt
Mansoura,0.0,0.0%,0.0%,0.0%,0.0%,0.0%,0.0%,Egypt
MSA,0.0,0.0%,0.0%,0.0%,0.0%,0.0%,0.0%,Egypt
Alexandria,22.58,12.5%,0.0%,0.0%,62.5%,0.0%,12.5%,Egypt
Beni Suef,0.0,0.0%,0.0%,0.0%,0.0%,0.0%,0.0%,Egypt
MC Egypt,0.0,0.0%,0.0%,0.0%,0.0%,0.0%,0.0%,Egypt
ECMH,0.0,0.0%,0.0%,0.0%,0.0%,0.0%,0.0%,El Salvador
ESEN,0.0,0.0%,0.0%,0.0%,0.0%,0.0%,0.0%,El Salvador
MC El Salvador,0.0,0.0%,0.0%,0.0%,0.0%,0.0%,0.0%,El Salvador
San Miguel,0.0,0.0%,0.0%,0.0%,0.0%,0.0%,0.0%,El Salvador
USAM,0.0,0.0%,0.0%,0.0%,0.0%,0.0%,0.0%,El Salvador
Santa Ana,0.0,0.0%,0.0%,0.0%,0.0%,0.0%,0.0%,El Salvador
Zona Central,0.0,0.0%,0.0%,0.0%,0.0%,0.0%,0.0%,El Salvador
MC Estonia,0.0,0.0%,0.0%,0.0%,0.0%,0.0%,0.0%,Estonia
Tallinn,0.0,0.0%,0.0%,0.0%,0.0%,0.0%,0.0%,Estonia
Tartu,0.0,0.0%,0.0%,0.0%,0.0%,0.0%,0.0%,Estonia
Expansions DBU,0.0,0.0%,0.0%,0.0%,0.0%,0.0%,0.0%,Ethiopia
Expansions Hawassa University,0.0,0.0%,0.0%,0.0%,0.0%,0.0%,0.0%,Ethiopia
MC Ethiopia,0.0,0.0%,0.0%,0.0%,0.0%,0.0%,0.0%,Ethiopia
MEKELLE,0.0,0.0%,0.0%,0.0%,0.0%,0.0%,0.0%,Ethiopia
Other Universities and Institutions,0.0,0.0%,0.0%,0.0%,0.0%,0.0%,0.0%,Ethiopia
School of Commerce (SOC),0.0,0.0%,0.0%,0.0%,0.0%,0.0%,0.0%,Ethiopia
AAU in ETHIOPIA,0.0,0.0%,0.0%,0.0%,0.0%,0.0%,0.0%,Ethiopia
EIABC,0.0,0.0%,0.0%,0.0%,0.0%,0.0%,0.0%,Ethiopia
Fiji National University (FNU),0.0,0.0%,0.0%,0.0%,0.0%,0.0%,0.0%,Fiji
The University of Fiji (UniFiji),0.0,0.0%,0.0%,0.0%,0.0%,0.0%,0.0%,Fiji
University of the South Pacific (USP),0.0,0.0%,0.0%,0.0%,0.0%,0.0%,0.0%,Fiji
National Office (FI),0.0,0.0%,0.0%,0.0%,0.0%,0.0%,0.0%,Finland
Oulu,0.0,0.0%,0.0%,0.0%,0.0%,0.0%,0.0%,Finland
TAMPERE,0.0,0.0%,0.0%,0.0%,0.0%,0.0%,0.0%,Finland
Helsinki,0.0,0.0%,0.0%,0.0%,0.0%,0.0%,0.0%,Finland
JYV√ÑSKYL√Ñ,0.0,0.0%,0.0%,0.0%,0.0%,0.0%,0.0%,Finland
Turku,0.0,0.0%,0.0%,0.0%,0.0%,0.0%,0.0%,Finland
Toulouse,0.0,0.0%,0.0%,0.0%,0.0%,0.0%,0.0%,France
MC France,0.0,0.0%,0.0%,0.0%,0.0%,0.0%,0.0%,France
Universit√©s de Paris,0.0,0.0%,0.0%,0.0%,0.0%,0.0%,0.0%,France
Rennes,0.0,0.0%,0.0%,0.0%,0.0%,0.0%,0.0%,France
Montpellier Business School,0.0,0.0%,0.0%,0.0%,0.0%,0.0%,0.0%,France
Lyon,0.0,0.0%,0.0%,0.0%,0.0%,0.0%,0.0%,France
Rouen,0.0,0.0%,0.0%,0.0%,0.0%,0.0%,0.0%,France
INSG,0.0,0.0%,0.0%,0.0%,0.0%,0.0%,0.0%,Gabon
POG,0.0,0.0%,0.0%,0.0%,0.0%,0.0%,0.0%,Gabon
U.O.B.,0.0,0.0%,0.0%,0.0%,0.0%,0.0%,0.0%,Gabon
Batumi,0.0,0.0%,0.0%,0.0%,0.0%,0.0%,0.0%,Georgia
MC Georgia,0.0,0.0%,0.0%,0.0%,0.0%,0.0%,0.0%,Georgia
TBILISI,0.0,0.0%,0.0%,0.0%,0.0%,0.0%,0.0%,Georgia
The University of Georgia,0.0,0.0%,0.0%,0.0%,0.0%,0.0%,0.0%,Georgia
GIESSEN-MARBURG,0.0,0.0%,0.0%,0.0%,0.0%,0.0%,0.0%,Germany
HANNOVER,0.0,0.0%,0.0%,0.0%,0.0%,0.0%,0.0%,Germany
AUGSBURG,0.0,0.0%,0.0%,0.0%,0.0%,0.0%,0.0%,Germany
KOELN,0.0,0.0%,0.0%,0.0%,0.0%,0.0%,0.0%,Germany
NUERNBERG,0.0,0.0%,0.0%,0.0%,0.0%,0.0%,0.0%,Germany
PADERBORN,63.64,0.0%,0.0%,0.0%,63.64%,0.0%,0.0%,Germany
JENA,0.0,0.0%,0.0%,0.0%,0.0%,0.0%,0.0%,Germany
MUENCHEN,0.0,0.0%,0.0%,0.0%,0.0%,0.0%,0.0%,Germany
AACHEN,25.0,0.0%,100.0%,0.0%,0.0%,0.0%,0.0%,Germany
BIELEFELD,25.0,0.0%,0.0%,0.0%,25.0%,0.0%,0.0%,Germany
LUENEBURG,0.0,0.0%,0.0%,0.0%,0.0%,0.0%,0.0%,Germany
HAMBURG,22.22,0.0%,23.53%,0.0%,0.0%,0.0%,0.0%,Germany
STUTTGART & HOHENHEIM,50.0,0.0%,0.0%,0.0%,100.0%,0.0%,0.0%,Germany
DUESSELDORF,12.5,0.0%,0.0%,0.0%,100.0%,0.0%,0.0%,Germany
BERLIN TU,20.0,0.0%,0.0%,0.0%,0.0%,25.0%,0.0%,Germany
KARLSRUHE,0.0,0.0%,0.0%,0.0%,0.0%,0.0%,0.0%,Germany
PASSAU,25.0,0.0%,0.0%,0.0%,50.0%,0.0%,0.0%,Germany
LEIPZIG,0.0,0.0%,0.0%,0.0%,0.0%,0.0%,0.0%,Germany
GOETTINGEN,0.0,0.0%,0.0%,0.0%,0.0%,0.0%,0.0%,Germany
MAINZ - WIESBADEN,0.0,0.0%,0.0%,0.0%,0.0%,0.0%,0.0%,Germany
BOCHUM,0.0,0.0%,0.0%,0.0%,0.0%,0.0%,0.0%,Germany
MAGDEBURG,0.0,0.0%,0.0%,0.0%,0.0%,0.0%,0.0%,Germany
BRAUNSCHWEIG,66.67,0.0%,0.0%,0.0%,66.67%,0.0%,0.0%,Germany
AIESEC in Germany,0.0,0.0%,0.0%,0.0%,0.0%,0.0%,0.0%,Germany
DRESDEN,0.0,0.0%,0.0%,0.0%,0.0%,0.0%,0.0%,Germany
MANNHEIM,0.0,0.0%,0.0%,0.0%,0.0%,0.0%,0.0%,Germany
HALLE,0.0,0.0%,0.0%,0.0%,0.0%,0.0%,0.0%,Germany
BREMEN,0.0,0.0%,0.0%,0.0%,0.0%,0.0%,0.0%,Germany
REGENSBURG,16.67,0.0%,0.0%,0.0%,16.67%,0.0%,0.0%,Germany
MUENSTER,25.0,0.0%,0.0%,0.0%,50.0%,0.0%,0.0%,Germany
BERLIN HU,0.0,0.0%,0.0%,0.0%,0.0%,0.0%,0.0%,Germany
KAISERSLAUTERN,0.0,0.0%,0.0%,0.0%,0.0%,0.0%,0.0%,Germany
DARMSTADT,0.0,0.0%,0.0%,0.0%,0.0%,0.0%,0.0%,Germany
FRANKFURT (MAIN),0.0,0.0%,0.0%,0.0%,0.0%,0.0%,0.0%,Germany
BONN,1.75,0.0%,1.75%,0.0%,0.0%,0.0%,0.0%,Germany
Central University,0.0,0.0%,0.0%,0.0%,0.0%,0.0%,0.0%,Ghana
delete,0.0,0.0%,0.0%,0.0%,0.0%,0.0%,0.0%,Ghana
delete,0.0,0.0%,0.0%,0.0%,0.0%,0.0%,0.0%,Ghana
KNUST,0.0,0.0%,0.0%,0.0%,0.0%,0.0%,0.0%,Ghana
LEGON,0.0,0.0%,0.0%,0.0%,0.0%,0.0%,0.0%,Ghana
LEGON Expansions,0.0,0.0%,0.0%,0.0%,0.0%,0.0%,0.0%,Ghana
Member Committee Ghana,0.0,0.0%,0.0%,0.0%,0.0%,0.0%,0.0%,Ghana
RMU,0.0,0.0%,0.0%,0.0%,0.0%,0.0%,0.0%,Ghana
UCC (University of Cape Coast),0.0,0.0%,0.0%,0.0%,0.0%,0.0%,0.0%,Ghana
UDS(University of Development Studies),0.0,0.0%,0.0%,0.0%,0.0%,0.0%,0.0%,Ghana
UENR,0.0,0.0%,0.0%,0.0%,0.0%,0.0%,0.0%,Ghana
UMaT,0.0,0.0%,0.0%,0.0%,0.0%,0.0%,0.0%,Ghana
Havana,0.0,0.0%,0.0%,0.0%,0.0%,0.0%,0.0%,Global Teams
MC Greece,0.0,0.0%,0.0%,0.0%,0.0%,0.0%,0.0%,Greece
UoI,50.0,0.0%,0.0%,0.0%,50.0%,0.0%,0.0%,Greece
UoM THESSALONIKI,58.33,75.0%,60.0%,0.0%,100.0%,0.0%,0.0%,Greece
Volos,100.0,0.0%,0.0%,0.0%,100.0%,0.0%,0.0%,Greece
AEGEAN,0.0,0.0%,0.0%,0.0%,0.0%,0.0%,0.0%,Greece
ATHENS,52.94,80.0%,50.0%,0.0%,40.0%,33.33%,0.0%,Greece
AUTH,70.0,60.0%,66.67%,0.0%,100.0%,0.0%,0.0%,Greece
Crete,100.0,0.0%,0.0%,0.0%,100.0%,0.0%,0.0%,Greece
DUTH,50.0,0.0%,0.0%,0.0%,50.0%,0.0%,0.0%,Greece
NKUA,0.0,0.0%,0.0%,0.0%,0.0%,0.0%,0.0%,Greece
UNIPI (Piraeus),11.11,25.0%,0.0%,0.0%,0.0%,0.0%,0.0%,Greece
PATRAS,0.0,0.0%,0.0%,0.0%,0.0%,0.0%,0.0%,Greece
MC Guatemala,22.22,100.0%,8.33%,0.0%,0.0%,0.0%,0.0%,Guatemala
URL,0.0,0.0%,0.0%,0.0%,0.0%,0.0%,0.0%,Guatemala
USAC,0.0,0.0%,0.0%,0.0%,0.0%,0.0%,0.0%,Guatemala
UVG,0.0,0.0%,0.0%,0.0%,0.0%,0.0%,0.0%,Guatemala
ITD,0.0,0.0%,0.0%,0.0%,0.0%,0.0%,0.0%,Guatemala
Port au Prince,0.0,0.0%,0.0%,0.0%,0.0%,0.0%,0.0%,Haiti
Tegucigalpa,0.0,0.0%,0.0%,0.0%,0.0%,0.0%,0.0%,Honduras
Member Committee,0.0,0.0%,0.0%,0.0%,0.0%,0.0%,0.0%,Hong Kong
CityU,0.0,0.0%,0.0%,0.0%,0.0%,0.0%,0.0%,Hong Kong
CUHK,0.0,0.0%,0.0%,0.0%,0.0%,0.0%,0.0%,Hong Kong
Expansions & Macau,0.0,0.0%,0.0%,0.0%,0.0%,0.0%,0.0%,Hong Kong
HKBU,0.0,0.0%,0.0%,0.0%,0.0%,0.0%,0.0%,Hong Kong
HKU,0.0,0.0%,0.0%,0.0%,0.0%,0.0%,0.0%,Hong Kong
HKUST,33.33,0.0%,0.0%,0.0%,33.33%,0.0%,0.0%,Hong Kong
Lingnan,0.0,0.0%,0.0%,0.0%,0.0%,0.0%,0.0%,Hong Kong
PolyU,50.0,0.0%,0.0%,0.0%,50.0%,0.0%,0.0%,Hong Kong
Budapest Business School - KVIK,2.78,0.0%,2.78%,0.0%,0.0%,0.0%,0.0%,Hungary
Pecs (PeX),0.0,0.0%,0.0%,0.0%,0.0%,0.0%,0.0%,Hungary
MC Hungary,0.0,0.0%,0.0%,0.0%,0.0%,0.0%,0.0%,Hungary
Budapest Business School - K√úLKER,0.0,0.0%,0.0%,0.0%,0.0%,0.0%,0.0%,Hungary
Veszpr√©m,0.0,0.0%,0.0%,0.0%,0.0%,0.0%,0.0%,Hungary
SZIE - Budapest,0.0,0.0%,0.0%,0.0%,0.0%,0.0%,0.0%,Hungary
BME - Budapest,6.06,0.0%,6.67%,0.0%,0.0%,0.0%,0.0%,Hungary
Budapest University - K√ñZG√ÅZ,13.04,0.0%,13.04%,0.0%,0.0%,0.0%,0.0%,Hungary
Budapest Business School - PSZF,4.17,0.0%,4.35%,0.0%,0.0%,0.0%,0.0%,Hungary
Debrecen,0.0,0.0%,0.0%,0.0%,0.0%,0.0%,0.0%,Hungary
Reykjavik,0.0,0.0%,0.0%,0.0%,0.0%,0.0%,0.0%,Iceland
Lucknow,0.0,0.0%,0.0%,0.0%,0.0%,0.0%,0.0%,India
Dehradun,0.0,0.0%,0.0%,0.0%,0.0%,0.0%,0.0%,India
VIT,0.0,0.0%,0.0%,0.0%,0.0%,0.0%,0.0%,India
M.A.H.E.,0.0,0.0%,0.0%,0.0%,0.0%,0.0%,0.0%,India
Surat,0.0,0.0%,0.0%,0.0%,0.0%,0.0%,0.0%,India
Mumbai,33.33,61.11%,12.5%,0.0%,27.27%,0.0%,0.0%,India
Visakhapatnam,20.0,0.0%,50.0%,0.0%,12.5%,0.0%,0.0%,India
Ahmedabad,26.67,33.33%,50.0%,0.0%,0.0%,33.33%,0.0%,India
Delhi University,57.14,100.0%,66.67%,0.0%,100.0%,0.0%,0.0%,India
Patiala,0.0,0.0%,0.0%,0.0%,0.0%,0.0%,0.0%,India
Jodhpur,0.0,0.0%,0.0%,0.0%,0.0%,0.0%,0.0%,India
Hyderabad,14.29,50.0%,0.0%,0.0%,0.0%,0.0%,0.0%,India
Chandigarh,0.0,0.0%,0.0%,0.0%,0.0%,0.0%,0.0%,India
JAIPUR,66.67,75.0%,0.0%,0.0%,100.0%,0.0%,0.0%,India
Kolkata,0.0,0.0%,0.0%,0.0%,0.0%,0.0%,0.0%,India
Chennai,0.0,0.0%,0.0%,0.0%,0.0%,0.0%,0.0%,India
Delhi IIT,39.13,57.14%,33.33%,0.0%,60.0%,0.0%,0.0%,India
Navi Mumbai,41.67,33.33%,50.0%,0.0%,50.0%,50.0%,0.0%,India
Jalandhar,0.0,0.0%,0.0%,0.0%,0.0%,0.0%,0.0%,India
Noida,0.0,0.0%,0.0%,0.0%,0.0%,0.0%,0.0%,India
Indore,60.0,0.0%,100.0%,0.0%,100.0%,0.0%,0.0%,India
Nagpur,0.0,0.0%,0.0%,0.0%,0.0%,0.0%,0.0%,India
Bengaluru,0.0,0.0%,0.0%,0.0%,0.0%,0.0%,0.0%,India
India National Office,0.0,0.0%,0.0%,0.0%,0.0%,0.0%,0.0%,India
Bhubaneswar,0.0,0.0%,0.0%,0.0%,0.0%,0.0%,0.0%,India
Pune,46.15,20.0%,0.0%,0.0%,83.33%,0.0%,0.0%,India
Ludhiana,0.0,0.0%,0.0%,0.0%,0.0%,0.0%,0.0%,India
Bhopal,0.0,0.0%,0.0%,0.0%,0.0%,0.0%,0.0%,India
UNILA,0.0,0.0%,0.0%,0.0%,0.0%,0.0%,0.0%,Indonesia
MC AIESEC Indonesia,0.0,0.0%,0.0%,0.0%,0.0%,0.0%,0.0%,Indonesia
Trisakti,100.0,0.0%,0.0%,0.0%,100.0%,0.0%,0.0%,Indonesia
PM,55.56,0.0%,0.0%,0.0%,62.5%,0.0%,0.0%,Indonesia
UPNVY,76.92,83.33%,0.0%,0.0%,71.43%,0.0%,0.0%,Indonesia
Surabaya,20.0,25.0%,0.0%,0.0%,0.0%,0.0%,0.0%,Indonesia
Unsoed,100.0,0.0%,0.0%,0.0%,100.0%,0.0%,0.0%,Indonesia
UIN Jakarta,33.33,0.0%,0.0%,0.0%,50.0%,0.0%,0.0%,Indonesia
UB,44.0,47.62%,0.0%,0.0%,100.0%,0.0%,0.0%,Indonesia
UMM,80.0,80.0%,0.0%,0.0%,0.0%,0.0%,0.0%,Indonesia
UNS,100.0,100.0%,0.0%,0.0%,0.0%,0.0%,0.0%,Indonesia
IPB,0.0,0.0%,0.0%,0.0%,0.0%,0.0%,0.0%,Indonesia
UPNVJ,66.67,0.0%,0.0%,0.0%,66.67%,0.0%,0.0%,Indonesia
USU,0.0,0.0%,0.0%,0.0%,0.0%,0.0%,0.0%,Indonesia
BINUS,0.0,0.0%,0.0%,0.0%,0.0%,0.0%,0.0%,Indonesia
Unpad,100.0,0.0%,0.0%,0.0%,100.0%,0.0%,0.0%,Indonesia
UI,69.23,60.0%,0.0%,0.0%,100.0%,50.0%,0.0%,Indonesia
Semarang,100.0,0.0%,0.0%,0.0%,100.0%,0.0%,0.0%,Indonesia
Bandung,87.5,100.0%,0.0%,0.0%,0.0%,100.0%,100.0%,Indonesia
UNAND,100.0,100.0%,0.0%,0.0%,0.0%,0.0%,0.0%,Indonesia
UGM,100.0,0.0%,0.0%,0.0%,100.0%,0.0%,0.0%,Indonesia
UNJ,0.0,0.0%,0.0%,0.0%,0.0%,0.0%,0.0%,Indonesia
PU,0.0,0.0%,0.0%,0.0%,0.0%,0.0%,0.0%,Indonesia
UKSW,0.0,0.0%,0.0%,0.0%,0.0%,0.0%,0.0%,Indonesia
Unsri,0.0,0.0%,0.0%,0.0%,0.0%,0.0%,0.0%,Indonesia
UNTAN,0.0,0.0%,0.0%,0.0%,0.0%,0.0%,0.0%,Indonesia
UNEJ,0.0,0.0%,0.0%,0.0%,0.0%,0.0%,0.0%,Indonesia
UNHAS,0.0,0.0%,0.0%,0.0%,0.0%,0.0%,0.0%,Indonesia
Ahvaz (Expansion Initiative),0.0,0.0%,0.0%,0.0%,0.0%,0.0%,0.0%,Iran
Allameh Tabatabaie' University,0.0,0.0%,0.0%,0.0%,0.0%,0.0%,0.0%,Iran
Amirkabir University,0.0,0.0%,0.0%,0.0%,0.0%,0.0%,0.0%,Iran
Hamedan,0.0,0.0%,0.0%,0.0%,0.0%,0.0%,0.0%,Iran
Hamedan,0.0,0.0%,0.0%,0.0%,0.0%,0.0%,0.0%,Iran
Hamedan,0.0,0.0%,0.0%,0.0%,0.0%,0.0%,0.0%,Iran
Isfahan,0.0,0.0%,0.0%,0.0%,0.0%,0.0%,0.0%,Iran
Kermanshah,0.0,0.0%,0.0%,0.0%,0.0%,0.0%,0.0%,Iran
Kermanshah,0.0,0.0%,0.0%,0.0%,0.0%,0.0%,0.0%,Iran
Kermanshah,0.0,0.0%,0.0%,0.0%,0.0%,0.0%,0.0%,Iran
Kermanshah,0.0,0.0%,0.0%,0.0%,0.0%,0.0%,0.0%,Iran
Kish Island (Expansion Initiative),0.0,0.0%,0.0%,0.0%,0.0%,0.0%,0.0%,Iran
Shiraz,0.0,0.0%,0.0%,0.0%,0.0%,0.0%,0.0%,Iran
Tabriz,0.0,0.0%,0.0%,0.0%,0.0%,0.0%,0.0%,Iran
University of Tehran,0.0,0.0%,0.0%,0.0%,0.0%,0.0%,0.0%,Iran
DCU,0.0,0.0%,0.0%,0.0%,0.0%,0.0%,0.0%,Ireland
Galway (Expansion),0.0,0.0%,0.0%,0.0%,0.0%,0.0%,0.0%,Ireland
Ireland (MC),0.0,0.0%,0.0%,0.0%,0.0%,0.0%,0.0%,Ireland
Maynooth (Expansion),0.0,0.0%,0.0%,0.0%,0.0%,0.0%,0.0%,Ireland
TRINITY,0.0,0.0%,0.0%,0.0%,0.0%,0.0%,0.0%,Ireland
UCC,0.0,0.0%,0.0%,0.0%,0.0%,0.0%,0.0%,Ireland
UCD (Expansion),0.0,0.0%,0.0%,0.0%,0.0%,0.0%,0.0%,Ireland
MC Italy,0.0,0.0%,0.0%,0.0%,0.0%,0.0%,0.0%,Italy
Napoli Federico II,50.0,55.56%,0.0%,0.0%,0.0%,0.0%,0.0%,Italy
PoliTO,50.0,0.0%,0.0%,0.0%,100.0%,0.0%,0.0%,Italy
Roma Sapienza,25.0,0.0%,0.0%,0.0%,0.0%,0.0%,100.0%,Italy
Brescia,0.0,0.0%,0.0%,0.0%,0.0%,0.0%,0.0%,Italy
Bologna,11.11,20.0%,0.0%,0.0%,0.0%,0.0%,0.0%,Italy
ITALIA,0.0,0.0%,0.0%,0.0%,0.0%,0.0%,0.0%,Italy
Venezia,30.0,42.86%,0.0%,0.0%,0.0%,0.0%,0.0%,Italy
Torino,33.33,36.36%,0.0%,0.0%,0.0%,0.0%,0.0%,Italy
Bari,0.0,0.0%,0.0%,0.0%,0.0%,0.0%,0.0%,Italy
Trieste,0.0,0.0%,0.0%,0.0%,0.0%,0.0%,0.0%,Italy
Padova,100.0,0.0%,0.0%,0.0%,100.0%,0.0%,0.0%,Italy
Milano,33.33,75.0%,0.0%,0.0%,33.33%,0.0%,0.0%,Italy
Pavia,100.0,100.0%,0.0%,0.0%,0.0%,100.0%,0.0%,Italy
Trento,0.0,0.0%,0.0%,0.0%,0.0%,0.0%,0.0%,Italy
Catania,0.0,0.0%,0.0%,0.0%,0.0%,0.0%,0.0%,Italy
Roma Tre,0.0,0.0%,0.0%,0.0%,0.0%,0.0%,0.0%,Italy
DOSHISHA UNIVERSITY,0.0,0.0%,0.0%,0.0%,0.0%,0.0%,0.0%,Japan
SENDAI,0.0,0.0%,0.0%,0.0%,0.0%,0.0%,0.0%,Japan
OSAKA UNIVERSITY,77.78,0.0%,0.0%,0.0%,77.78%,0.0%,0.0%,Japan
KOBE UNIVERSITY,100.0,0.0%,0.0%,0.0%,100.0%,0.0%,0.0%,Japan
WASEDA UNIVERSITY,66.67,0.0%,0.0%,0.0%,66.67%,0.0%,0.0%,Japan
HITOTSUBASHI UNIVERSITY,66.67,0.0%,0.0%,0.0%,66.67%,0.0%,0.0%,Japan
RITSUMEIKAN ASIA PACIFIC UNIVERSITY,50.0,0.0%,0.0%,0.0%,50.0%,0.0%,0.0%,Japan
AOYAMAGAKUIN UNIVERSITY,0.0,0.0%,0.0%,0.0%,0.0%,0.0%,0.0%,Japan
OSAKA METROPOLITAN UNIVERSITY,50.0,0.0%,100.0%,0.0%,0.0%,0.0%,0.0%,Japan
The University of Tokyo,50.0,0.0%,0.0%,0.0%,50.0%,0.0%,0.0%,Japan
University of Tsukuba,0.0,0.0%,0.0%,0.0%,0.0%,0.0%,0.0%,Japan
CHUO UNIVERSITY(CH),50.0,0.0%,0.0%,0.0%,50.0%,0.0%,0.0%,Japan
SOPHIA UNIVERSITY,0.0,0.0%,0.0%,0.0%,0.0%,0.0%,0.0%,Japan
NAGOYA UNIVERSITY,0.0,0.0%,0.0%,0.0%,0.0%,0.0%,0.0%,Japan
NAGOYA CITY UNIVERSITY,0.0,0.0%,0.0%,0.0%,0.0%,0.0%,0.0%,Japan
HOKKAIDO,0.0,0.0%,0.0%,0.0%,0.0%,0.0%,0.0%,Japan
SAINT PAUL'S UNIVERSITY,0.0,0.0%,0.0%,0.0%,0.0%,0.0%,0.0%,Japan
KEIO SFC,0.0,0.0%,0.0%,0.0%,0.0%,0.0%,0.0%,Japan
KEIO UNIVERSITY,50.0,0.0%,0.0%,0.0%,50.0%,0.0%,0.0%,Japan
MEIJI UNIVERSITY,33.33,0.0%,0.0%,0.0%,33.33%,0.0%,0.0%,Japan
HIROSHIMA,50.0,0.0%,0.0%,0.0%,50.0%,0.0%,0.0%,Japan
SHIGA UNIVERSITY,0.0,0.0%,0.0%,0.0%,0.0%,0.0%,0.0%,Japan
KYOTO UNIVERSITY,0.0,0.0%,0.0%,0.0%,0.0%,0.0%,0.0%,Japan
KWANSEI GAKUIN UNIVERSITY,0.0,0.0%,0.0%,0.0%,0.0%,0.0%,0.0%,Japan
NANZAN UNIVERSITY,0.0,0.0%,0.0%,0.0%,0.0%,0.0%,0.0%,Japan
IRBID,0.0,0.0%,0.0%,0.0%,0.0%,0.0%,0.0%,Jordan
MC Jordan,0.0,0.0%,0.0%,0.0%,0.0%,0.0%,0.0%,Jordan
AMMAN,0.0,0.0%,0.0%,0.0%,0.0%,0.0%,0.0%,Jordan
National Office Kazakhstan,0.0,0.0%,0.0%,0.0%,0.0%,0.0%,0.0%,Kazakhstan
Almaty,50.0,0.0%,0.0%,0.0%,100.0%,0.0%,20.0%,Kazakhstan
Astana,0.0,0.0%,0.0%,0.0%,0.0%,0.0%,0.0%,Kazakhstan
Astana (Old),0.0,0.0%,0.0%,0.0%,0.0%,0.0%,0.0%,Kazakhstan
Pavlodar,0.0,0.0%,0.0%,0.0%,0.0%,0.0%,0.0%,Kazakhstan
Pavlodar,0.0,0.0%,0.0%,0.0%,0.0%,0.0%,0.0%,Kazakhstan
Pavlodar,0.0,0.0%,0.0%,0.0%,0.0%,0.0%,0.0%,Kazakhstan
Pavlodar,0.0,0.0%,0.0%,0.0%,0.0%,0.0%,0.0%,Kazakhstan
To be deleted,0.0,0.0%,0.0%,0.0%,0.0%,0.0%,0.0%,Kazakhstan
To be deleted,0.0,0.0%,0.0%,0.0%,0.0%,0.0%,0.0%,Kazakhstan
Kenya Expansion/MC,0.0,0.0%,0.0%,0.0%,0.0%,0.0%,0.0%,Kenya
Kenya Expansion,0.0,0.0%,0.0%,0.0%,0.0%,0.0%,0.0%,Kenya
Kabarak University,0.0,0.0%,0.0%,0.0%,0.0%,0.0%,0.0%,Kenya
CHUKA,0.0,0.0%,0.0%,0.0%,0.0%,0.0%,0.0%,Kenya
JKUAT,40.0,50.0%,0.0%,0.0%,50.0%,0.0%,0.0%,Kenya
UoN,12.5,20.0%,0.0%,0.0%,0.0%,0.0%,0.0%,Kenya
DAYSTAR,0.0,0.0%,0.0%,0.0%,0.0%,0.0%,0.0%,Kenya
Kenyatta University,0.0,0.0%,0.0%,0.0%,0.0%,0.0%,0.0%,Kenya
USIU-Africa,0.0,0.0%,0.0%,0.0%,0.0%,0.0%,0.0%,Kenya
Moi University,0.0,0.0%,0.0%,0.0%,0.0%,0.0%,0.0%,Kenya
CUEA,100.0,0.0%,0.0%,0.0%,100.0%,0.0%,0.0%,Kenya
STRATHMORE UNIVERSITY,37.5,0.0%,0.0%,0.0%,37.5%,0.0%,0.0%,Kenya
KSA,0.0,0.0%,0.0%,0.0%,0.0%,0.0%,0.0%,Kingdom of Saudi Arabia
HUFS(Hankuk University of Foreign Studies),33.33,50.0%,0.0%,0.0%,25.0%,0.0%,0.0%,Korea
HIU,100.0,0.0%,0.0%,0.0%,100.0%,0.0%,0.0%,Korea
SGU,83.33,80.0%,0.0%,0.0%,100.0%,0.0%,0.0%,Korea
YSU,100.0,100.0%,0.0%,0.0%,100.0%,0.0%,0.0%,Korea
Korea Member Committee,0.0,0.0%,0.0%,0.0%,0.0%,0.0%,0.0%,Korea
KU,0.0,0.0%,0.0%,0.0%,0.0%,0.0%,0.0%,Korea
SMU,0.0,0.0%,0.0%,0.0%,0.0%,0.0%,0.0%,Korea
CUK,0.0,0.0%,0.0%,0.0%,0.0%,0.0%,0.0%,Korea
SKKU,0.0,0.0%,0.0%,0.0%,0.0%,0.0%,0.0%,Korea
SNU,100.0,100.0%,0.0%,0.0%,0.0%,0.0%,0.0%,Korea
DWU,0.0,0.0%,0.0%,0.0%,0.0%,0.0%,0.0%,Korea
EWHA,100.0,100.0%,0.0%,0.0%,0.0%,0.0%,0.0%,Korea
PNU,50.0,50.0%,0.0%,0.0%,0.0%,0.0%,0.0%,Korea
SWU,100.0,0.0%,0.0%,0.0%,100.0%,0.0%,0.0%,Korea
INHA,0.0,0.0%,0.0%,0.0%,0.0%,0.0%,0.0%,Korea
AUM,0.0,0.0%,0.0%,0.0%,0.0%,0.0%,0.0%,Kuwait
Kout,0.0,0.0%,0.0%,0.0%,0.0%,0.0%,0.0%,Kuwait
MC Kyrgyzstan,0.0,0.0%,0.0%,0.0%,0.0%,0.0%,0.0%,Kyrgyzstan
AUCA,0.0,0.0%,0.0%,0.0%,0.0%,0.0%,0.0%,Kyrgyzstan
Bishkek,50.0,0.0%,0.0%,0.0%,50.0%,0.0%,0.0%,Kyrgyzstan
Impulse for Bishkek Leaders (IBL),50.0,0.0%,0.0%,0.0%,0.0%,100.0%,0.0%,Kyrgyzstan
Vientiane,0.0,0.0%,0.0%,0.0%,0.0%,0.0%,0.0%,Laos
Latvia University(LU),0.0,0.0%,0.0%,0.0%,0.0%,0.0%,0.0%,Latvia
MC Latvia,0.0,0.0%,0.0%,0.0%,0.0%,0.0%,0.0%,Latvia
SU SSE,0.0,0.0%,0.0%,0.0%,0.0%,0.0%,0.0%,Latvia
SU Turƒ´ba,0.0,0.0%,0.0%,0.0%,0.0%,0.0%,0.0%,Latvia
Haigazian,0.0,0.0%,0.0%,0.0%,0.0%,0.0%,0.0%,Lebanon
LAU,0.0,0.0%,0.0%,0.0%,0.0%,0.0%,0.0%,Lebanon
Beirut,0.0,0.0%,0.0%,0.0%,0.0%,0.0%,0.0%,Lebanon
MC Lebanon,0.0,0.0%,0.0%,0.0%,0.0%,0.0%,0.0%,Lebanon
AME University,0.0,0.0%,0.0%,0.0%,0.0%,0.0%,0.0%,Liberia
AIESEC in Central Monrovia,0.0,0.0%,0.0%,0.0%,0.0%,0.0%,0.0%,Liberia
Airfield,0.0,0.0%,0.0%,0.0%,0.0%,0.0%,0.0%,Liberia
AIESEC in Central Monrovia,0.0,0.0%,0.0%,0.0%,0.0%,0.0%,0.0%,Liberia
MC Liberia,0.0,0.0%,0.0%,0.0%,0.0%,0.0%,0.0%,Liberia
AIESEC in Fendell,0.0,0.0%,0.0%,0.0%,0.0%,0.0%,0.0%,Liberia
AIESEC In Capitol Hill,0.0,0.0%,0.0%,0.0%,0.0%,0.0%,0.0%,Liberia
Tubman University,0.0,0.0%,0.0%,0.0%,0.0%,0.0%,0.0%,Liberia
Expansions Liberia,0.0,0.0%,0.0%,0.0%,0.0%,0.0%,0.0%,Liberia
Airfield,0.0,0.0%,0.0%,0.0%,0.0%,0.0%,0.0%,Liberia
AIESEC in Central Monrovia,0.0,0.0%,0.0%,0.0%,0.0%,0.0%,0.0%,Liberia
AIESEC in Central Monrovia,0.0,0.0%,0.0%,0.0%,0.0%,0.0%,0.0%,Liberia
United Methodist University,0.0,0.0%,0.0%,0.0%,0.0%,0.0%,0.0%,Liberia
MC Switzerland,0.0,0.0%,0.0%,0.0%,0.0%,0.0%,0.0%,Liechtenstein
Vaduz,0.0,0.0%,0.0%,0.0%,0.0%,0.0%,0.0%,Liechtenstein
KTU,0.0,0.0%,0.0%,0.0%,0.0%,0.0%,0.0%,Lithuania
Lithuania (MC),0.0,0.0%,0.0%,0.0%,0.0%,0.0%,0.0%,Lithuania
VILNIUS,0.0,0.0%,0.0%,0.0%,0.0%,0.0%,0.0%,Lithuania
VILNIUS ISM,0.0,0.0%,0.0%,0.0%,0.0%,0.0%,0.0%,Lithuania
OHRID,0.0,0.0%,0.0%,0.0%,0.0%,0.0%,0.0%,Macedonia
PRILEP,0.0,0.0%,0.0%,0.0%,0.0%,0.0%,0.0%,Macedonia
SKOPJE,0.0,0.0%,0.0%,0.0%,0.0%,0.0%,0.0%,Macedonia
SKOPJE,0.0,0.0%,0.0%,0.0%,0.0%,0.0%,0.0%,Macedonia
SU STIP,0.0,0.0%,0.0%,0.0%,0.0%,0.0%,0.0%,Macedonia
Guangzhou & Shenzhen,100.0,0.0%,0.0%,0.0%,100.0%,0.0%,0.0%,Mainland of China
Shenzhen,0.0,0.0%,0.0%,0.0%,0.0%,0.0%,0.0%,Mainland of China
Beijing East,50.0,0.0%,0.0%,0.0%,50.0%,0.0%,0.0%,Mainland of China
Ningbo,50.0,0.0%,0.0%,0.0%,50.0%,0.0%,0.0%,Mainland of China
Chengdu,0.0,0.0%,0.0%,0.0%,0.0%,0.0%,0.0%,Mainland of China
Nanjing,0.0,0.0%,0.0%,0.0%,0.0%,0.0%,0.0%,Mainland of China
"Mainland of China, Membership Committee",0.0,0.0%,0.0%,0.0%,0.0%,0.0%,0.0%,Mainland of China
"Mainland of China, Alumni",0.0,0.0%,0.0%,0.0%,0.0%,0.0%,0.0%,Mainland of China
Xiamen,0.0,0.0%,0.0%,0.0%,0.0%,0.0%,0.0%,Mainland of China
Suzhou,100.0,0.0%,0.0%,0.0%,100.0%,0.0%,0.0%,Mainland of China
Beijing West,0.0,0.0%,0.0%,0.0%,0.0%,0.0%,0.0%,Mainland of China
"Mainland of China, Member Committee",33.33,0.0%,0.0%,0.0%,33.33%,0.0%,0.0%,Mainland of China
Zhuhai,0.0,0.0%,0.0%,0.0%,0.0%,0.0%,0.0%,Mainland of China
Shanghai,66.67,0.0%,0.0%,0.0%,66.67%,0.0%,0.0%,Mainland of China
Wenzhou,0.0,0.0%,0.0%,0.0%,0.0%,0.0%,0.0%,Mainland of China
African Bible College,0.0,0.0%,0.0%,0.0%,0.0%,0.0%,0.0%,Malawi
DMI University,0.0,0.0%,0.0%,0.0%,0.0%,0.0%,0.0%,Malawi
Mzuzu University,0.0,0.0%,0.0%,0.0%,0.0%,0.0%,0.0%,Malawi
Mzuzu University,0.0,0.0%,0.0%,0.0%,0.0%,0.0%,0.0%,Malawi
University of Malawi,0.0,0.0%,0.0%,0.0%,0.0%,0.0%,0.0%,Malawi
University of Malawi,0.0,0.0%,0.0%,0.0%,0.0%,0.0%,0.0%,Malawi
Blantyre,0.0,0.0%,0.0%,0.0%,0.0%,0.0%,0.0%,Malawi
Exploits University,0.0,0.0%,0.0%,0.0%,0.0%,0.0%,0.0%,Malawi
Lilongwe,0.0,0.0%,0.0%,0.0%,0.0%,0.0%,0.0%,Malawi
Penang,0.0,0.0%,0.0%,0.0%,0.0%,0.0%,0.0%,Malaysia
"Taylor's University (TU) , Subang Jaya",14.29,0.0%,50.0%,0.0%,0.0%,0.0%,0.0%,Malaysia
"Heriot-Watt University Malaysia Campus (HWUM) , Putrajaya",0.0,0.0%,0.0%,0.0%,0.0%,0.0%,0.0%,Malaysia
"HELP University (HELP) , Shah Alam",0.0,0.0%,0.0%,0.0%,0.0%,0.0%,0.0%,Malaysia
"Universiti Putra Malaysia (UPM) , Serdang",66.67,100.0%,0.0%,0.0%,50.0%,0.0%,0.0%,Malaysia
Kuching,0.0,0.0%,0.0%,0.0%,0.0%,0.0%,0.0%,Malaysia
"Universiti Tunku Abdul Rahman (UTAR) , Kampar Perak",0.0,0.0%,0.0%,0.0%,0.0%,0.0%,0.0%,Malaysia
MC Malaysia,0.0,0.0%,0.0%,0.0%,0.0%,0.0%,0.0%,Malaysia
"Universiti Kebangsaan Malaysia (UKM) , Bangi",0.0,0.0%,0.0%,0.0%,0.0%,0.0%,0.0%,Malaysia
Johor Bahru (JB),0.0,0.0%,0.0%,0.0%,0.0%,0.0%,0.0%,Malaysia
"Universiti Malaya (UM) , Kuala Lumpur",100.0,0.0%,0.0%,0.0%,100.0%,0.0%,0.0%,Malaysia
Kedah-Perlis (KP),75.0,75.0%,0.0%,0.0%,0.0%,0.0%,0.0%,Malaysia
"University of Nottingham Malaysia Campus (UNMC) , Semenyih",0.0,0.0%,0.0%,0.0%,0.0%,0.0%,0.0%,Malaysia
"Sunway (Sunway) , Petaling Jaya",33.33,0.0%,0.0%,0.0%,33.33%,0.0%,0.0%,Malaysia
Mal√©,0.0,0.0%,0.0%,0.0%,0.0%,0.0%,0.0%,Maldives
LC Bamako,0.0,0.0%,0.0%,0.0%,0.0%,0.0%,0.0%,Mali
Middlesex University,0.0,0.0%,0.0%,0.0%,0.0%,0.0%,0.0%,Malta
University of Malta,0.0,0.0%,0.0%,0.0%,0.0%,0.0%,0.0%,Malta
Curtin Mauritius,0.0,0.0%,0.0%,0.0%,0.0%,0.0%,0.0%,Mauritius
MC Mauritius,0.0,0.0%,0.0%,0.0%,0.0%,0.0%,0.0%,Mauritius
Middlesex,0.0,0.0%,0.0%,0.0%,0.0%,0.0%,0.0%,Mauritius
Port-Louis,0.0,0.0%,0.0%,0.0%,0.0%,0.0%,0.0%,Mauritius
Reduit,0.0,0.0%,0.0%,0.0%,0.0%,0.0%,0.0%,Mauritius
UDEM,0.0,0.0%,0.0%,0.0%,0.0%,0.0%,0.0%,Mexico
Zacatecas,100.0,0.0%,0.0%,0.0%,100.0%,100.0%,0.0%,Mexico
UP,0.0,0.0%,0.0%,0.0%,0.0%,0.0%,0.0%,Mexico
Michoac√°n,0.0,0.0%,0.0%,0.0%,0.0%,0.0%,0.0%,Mexico
ITAM,11.11,0.0%,28.57%,0.0%,0.0%,0.0%,0.0%,Mexico
IPN,6.67,33.33%,0.0%,0.0%,0.0%,0.0%,0.0%,Mexico
Guanajuato,25.0,0.0%,0.0%,0.0%,0.0%,50.0%,0.0%,Mexico
Oaxaca,0.0,0.0%,0.0%,0.0%,0.0%,0.0%,0.0%,Mexico
Sinaloa,0.0,0.0%,0.0%,0.0%,0.0%,0.0%,0.0%,Mexico
Puebla,20.0,0.0%,0.0%,0.0%,50.0%,0.0%,0.0%,Mexico
Quer√©taro,14.29,0.0%,0.0%,0.0%,25.0%,0.0%,0.0%,Mexico
Guadalajara,10.0,20.0%,0.0%,0.0%,0.0%,0.0%,0.0%,Mexico
UNAM,12.5,100.0%,0.0%,0.0%,0.0%,0.0%,0.0%,Mexico
Virtual Expansions MX,0.0,0.0%,0.0%,0.0%,0.0%,0.0%,0.0%,Mexico
Ciudad Ju√°rez,33.33,0.0%,0.0%,0.0%,50.0%,0.0%,0.0%,Mexico
Toluca,40.0,50.0%,0.0%,0.0%,100.0%,0.0%,0.0%,Mexico
Aguascalientes,0.0,0.0%,0.0%,0.0%,0.0%,0.0%,0.0%,Mexico
Monterrey,0.0,0.0%,0.0%,0.0%,0.0%,0.0%,0.0%,Mexico
BALTI,0.0,0.0%,0.0%,0.0%,0.0%,0.0%,0.0%,Moldova
CHISINAU,100.0,100.0%,0.0%,0.0%,100.0%,0.0%,0.0%,Moldova
Expansions I,0.0,0.0%,0.0%,0.0%,0.0%,0.0%,0.0%,Mongolia
MUST,0.0,0.0%,0.0%,0.0%,0.0%,0.0%,0.0%,Mongolia
NUM,66.67,0.0%,0.0%,0.0%,66.67%,0.0%,0.0%,Mongolia
UFE,0.0,0.0%,0.0%,0.0%,0.0%,0.0%,0.0%,Mongolia
LC Niksic,0.0,0.0%,0.0%,0.0%,0.0%,0.0%,0.0%,Montenegro
Podgorica,0.0,0.0%,0.0%,0.0%,0.0%,0.0%,0.0%,Montenegro
Morocco (MC),4.35,0.0%,0.0%,0.0%,50.0%,0.0%,0.0%,Morocco
Khouribga,0.0,0.0%,0.0%,0.0%,0.0%,0.0%,0.0%,Morocco
Marrakech,0.0,0.0%,0.0%,0.0%,0.0%,0.0%,0.0%,Morocco
Agadir,8.33,0.0%,0.0%,0.0%,100.0%,0.0%,0.0%,Morocco
Tangier,0.0,0.0%,0.0%,0.0%,0.0%,0.0%,0.0%,Morocco
Fez,14.29,0.0%,0.0%,0.0%,0.0%,33.33%,0.0%,Morocco
Ben Guerir,0.0,0.0%,0.0%,0.0%,0.0%,0.0%,0.0%,Morocco
Casablanca,6.25,0.0%,0.0%,0.0%,0.0%,0.0%,20.0%,Morocco
Beni Mellal,0.0,0.0%,0.0%,0.0%,0.0%,0.0%,0.0%,Morocco
Settat,50.0,0.0%,0.0%,0.0%,100.0%,0.0%,0.0%,Morocco
Ifrane,0.0,0.0%,0.0%,0.0%,0.0%,0.0%,0.0%,Morocco
Tetouan,0.0,0.0%,0.0%,0.0%,0.0%,0.0%,0.0%,Morocco
Mohammedia,0.0,0.0%,0.0%,0.0%,0.0%,0.0%,0.0%,Morocco
Kenitra,57.14,0.0%,0.0%,0.0%,0.0%,66.67%,0.0%,Morocco
Rabat,25.0,0.0%,0.0%,0.0%,0.0%,50.0%,0.0%,Morocco
El Jadida,0.0,0.0%,0.0%,0.0%,0.0%,0.0%,0.0%,Morocco
Meknes,0.0,0.0%,0.0%,0.0%,0.0%,0.0%,0.0%,Morocco
MC Mozambique,0.0,0.0%,0.0%,0.0%,0.0%,0.0%,0.0%,Mozambique
BEIRA,0.0,0.0%,0.0%,0.0%,0.0%,0.0%,0.0%,Mozambique
HACKER,0.0,0.0%,0.0%,0.0%,0.0%,0.0%,0.0%,Mozambique
ISCTEM,0.0,0.0%,0.0%,0.0%,0.0%,0.0%,0.0%,Mozambique
UEM,33.33,0.0%,0.0%,0.0%,0.0%,100.0%,0.0%,Mozambique
Mandalay,0.0,0.0%,0.0%,0.0%,0.0%,0.0%,0.0%,Myanmar
MC Myanmar,0.0,0.0%,0.0%,0.0%,0.0%,0.0%,0.0%,Myanmar
SE Yangon,0.0,0.0%,0.0%,0.0%,0.0%,0.0%,0.0%,Myanmar
West Yangon,0.0,0.0%,0.0%,0.0%,0.0%,0.0%,0.0%,Myanmar
Ongwediva (Expansion),0.0,0.0%,0.0%,0.0%,0.0%,0.0%,0.0%,Namibia
Walvis Bay (Expansion),0.0,0.0%,0.0%,0.0%,0.0%,0.0%,0.0%,Namibia
Windhoek,0.0,0.0%,0.0%,0.0%,0.0%,0.0%,0.0%,Namibia
Kathmandu,40.0,57.14%,0.0%,0.0%,0.0%,0.0%,0.0%,Nepal
Kathmandu University,33.33,40.0%,0.0%,0.0%,0.0%,0.0%,0.0%,Nepal
Lumbini,0.0,0.0%,0.0%,0.0%,0.0%,0.0%,0.0%,Nepal
Nepal - National Office,0.0,0.0%,0.0%,0.0%,0.0%,0.0%,0.0%,Nepal
Patan,50.0,0.0%,0.0%,0.0%,100.0%,0.0%,0.0%,Nepal
"CANTERBURY, CHRISTCHURCH",0.0,0.0%,0.0%,0.0%,0.0%,0.0%,0.0%,New Zealand
AUCKLAND CITY,0.0,0.0%,0.0%,0.0%,0.0%,0.0%,0.0%,New Zealand
OTAGO,0.0,0.0%,0.0%,0.0%,0.0%,0.0%,0.0%,New Zealand
"VICTORIA, WELLINGTON",0.0,0.0%,0.0%,0.0%,0.0%,0.0%,0.0%,New Zealand
"WAIKATO, HAMILTON",0.0,0.0%,0.0%,0.0%,0.0%,0.0%,0.0%,New Zealand
AIESEC KEISER (NOT),0.0,0.0%,0.0%,0.0%,0.0%,0.0%,0.0%,Nicaragua
KEISER (NOT),0.0,0.0%,0.0%,0.0%,0.0%,0.0%,0.0%,Nicaragua
KEISER,0.0,0.0%,0.0%,0.0%,0.0%,0.0%,0.0%,Nicaragua
KEISER (NOT),0.0,0.0%,0.0%,0.0%,0.0%,0.0%,0.0%,Nicaragua
KEISER (NOT),0.0,0.0%,0.0%,0.0%,0.0%,0.0%,0.0%,Nicaragua
KEISER (NOT),0.0,0.0%,0.0%,0.0%,0.0%,0.0%,0.0%,Nicaragua
KEISER (NOT),0.0,0.0%,0.0%,0.0%,0.0%,0.0%,0.0%,Nicaragua
KEISER (NOT),0.0,0.0%,0.0%,0.0%,0.0%,0.0%,0.0%,Nicaragua
Virtual Markets (Nicaragua),0.0,0.0%,0.0%,0.0%,0.0%,0.0%,0.0%,Nicaragua
UNICA,0.0,0.0%,0.0%,0.0%,0.0%,0.0%,0.0%,Nicaragua
KEISER (NOT),0.0,0.0%,0.0%,0.0%,0.0%,0.0%,0.0%,Nicaragua
AIESEC KEISER (NOT),0.0,0.0%,0.0%,0.0%,0.0%,0.0%,0.0%,Nicaragua
Managua (Nicaragua),0.0,0.0%,0.0%,0.0%,0.0%,0.0%,0.0%,Nicaragua
CLOSE LC - Le√≥n (Nicaragua),0.0,0.0%,0.0%,0.0%,0.0%,0.0%,0.0%,Nicaragua
Niamey,0.0,0.0%,0.0%,0.0%,0.0%,0.0%,0.0%,Niger
Nig,0.0,0.0%,0.0%,0.0%,0.0%,0.0%,0.0%,Nigeria
Jamaica (INVALID),0.0,0.0%,0.0%,0.0%,0.0%,0.0%,0.0%,Nigeria
Nigerian French Village,0.0,0.0%,0.0%,0.0%,0.0%,0.0%,0.0%,Nigeria
Zaria,0.0,0.0%,0.0%,0.0%,0.0%,0.0%,0.0%,Nigeria
ABEOKUTA,0.0,0.0%,0.0%,0.0%,0.0%,0.0%,0.0%,Nigeria
Calabar,0.0,0.0%,0.0%,0.0%,0.0%,0.0%,0.0%,Nigeria
Abuja,0.0,0.0%,0.0%,0.0%,0.0%,0.0%,0.0%,Nigeria
Enugu,100.0,0.0%,0.0%,0.0%,100.0%,0.0%,0.0%,Nigeria
Babcock University,0.0,0.0%,0.0%,0.0%,0.0%,0.0%,0.0%,Nigeria
AMD,0.0,0.0%,0.0%,0.0%,0.0%,0.0%,0.0%,Nigeria
Ilorin,0.0,0.0%,0.0%,0.0%,0.0%,0.0%,0.0%,Nigeria
PORT HARCOURT,0.0,0.0%,0.0%,0.0%,0.0%,0.0%,0.0%,Nigeria
Jos,20.0,50.0%,0.0%,0.0%,0.0%,0.0%,0.0%,Nigeria
Lagos,100.0,100.0%,0.0%,0.0%,0.0%,0.0%,0.0%,Nigeria
Benue,0.0,0.0%,0.0%,0.0%,0.0%,0.0%,0.0%,Nigeria
AKURE,0.0,0.0%,0.0%,0.0%,0.0%,0.0%,0.0%,Nigeria
IFE,0.0,0.0%,0.0%,0.0%,0.0%,0.0%,0.0%,Nigeria
IBADAN,0.0,0.0%,0.0%,0.0%,0.0%,0.0%,0.0%,Nigeria
BENIN,0.0,0.0%,0.0%,0.0%,0.0%,0.0%,0.0%,Nigeria
BI Oslo,0.0,0.0%,0.0%,0.0%,0.0%,0.0%,0.0%,Norway
H√∏yskolen kristiania,0.0,0.0%,0.0%,0.0%,0.0%,0.0%,0.0%,Norway
MC Norway,0.0,0.0%,0.0%,0.0%,0.0%,0.0%,0.0%,Norway
NHH,0.0,0.0%,0.0%,0.0%,0.0%,0.0%,0.0%,Norway
OsloMet,0.0,0.0%,0.0%,0.0%,0.0%,0.0%,0.0%,Norway
Troms√∏,0.0,0.0%,0.0%,0.0%,0.0%,0.0%,0.0%,Norway
Trondheim,0.0,0.0%,0.0%,0.0%,0.0%,0.0%,0.0%,Norway
University of Oslo,0.0,0.0%,0.0%,0.0%,0.0%,0.0%,0.0%,Norway
Faisalabad,0.0,0.0%,0.0%,0.0%,0.0%,0.0%,0.0%,Pakistan
GIK,0.0,0.0%,0.0%,0.0%,0.0%,0.0%,0.0%,Pakistan
Hyderabad - PAK,0.0,0.0%,0.0%,0.0%,0.0%,0.0%,0.0%,Pakistan
IBA,0.0,0.0%,0.0%,0.0%,0.0%,0.0%,0.0%,Pakistan
Islamabad,12.5,0.0%,100.0%,0.0%,0.0%,0.0%,0.0%,Pakistan
Karachi,16.67,0.0%,0.0%,0.0%,50.0%,0.0%,0.0%,Pakistan
Karachi South,66.67,0.0%,0.0%,0.0%,0.0%,100.0%,100.0%,Pakistan
Lahore - Pak,10.0,0.0%,0.0%,0.0%,14.29%,0.0%,0.0%,Pakistan
LUMS,0.0,0.0%,0.0%,0.0%,0.0%,0.0%,0.0%,Pakistan
Multan,0.0,0.0%,0.0%,0.0%,0.0%,0.0%,0.0%,Pakistan
SG,0.0,0.0%,0.0%,0.0%,0.0%,0.0%,0.0%,Pakistan
NUST,0.0,0.0%,0.0%,0.0%,0.0%,0.0%,0.0%,Pakistan
AIESEC en Balboa,0.0,0.0%,0.0%,0.0%,0.0%,0.0%,0.0%,Panama
CHIRIQUI,0.0,0.0%,0.0%,0.0%,0.0%,0.0%,0.0%,Panama
COCLE,0.0,0.0%,0.0%,0.0%,0.0%,0.0%,0.0%,Panama
SANTIAGO,0.0,0.0%,0.0%,0.0%,0.0%,0.0%,0.0%,Panama
UP (University of Panama),0.0,0.0%,0.0%,0.0%,0.0%,0.0%,0.0%,Panama
AMADOR,0.0,0.0%,0.0%,0.0%,0.0%,0.0%,0.0%,Panama
UTP,7.14,0.0%,4.55%,0.0%,0.0%,16.67%,0.0%,Panama
VIRTUAL EXPANSIONS PANAMA,8.33,0.0%,8.33%,0.0%,0.0%,0.0%,0.0%,Panama
MC Paraguay,0.0,0.0%,0.0%,0.0%,0.0%,0.0%,0.0%,Paraguay
UCA (Asunci√≥n),0.0,0.0%,0.0%,0.0%,0.0%,0.0%,0.0%,Paraguay
UNA (Asunci√≥n),0.0,0.0%,0.0%,0.0%,0.0%,0.0%,0.0%,Paraguay
Universidad San Martin de Porres,0.0,0.0%,0.0%,0.0%,0.0%,0.0%,0.0%,Peru
Tacna,0.0,0.0%,0.0%,0.0%,0.0%,0.0%,0.0%,Peru
Huanuco,0.0,0.0%,0.0%,0.0%,0.0%,0.0%,0.0%,Peru
EduardoLandia,0.0,0.0%,0.0%,0.0%,0.0%,0.0%,0.0%,Peru
Tarapoto,0.0,0.0%,0.0%,0.0%,0.0%,0.0%,0.0%,Peru
Puno,0.0,0.0%,0.0%,0.0%,0.0%,0.0%,0.0%,Peru
Blank 1,0.0,0.0%,0.0%,0.0%,0.0%,0.0%,0.0%,Peru
Lima,16.13,0.0%,0.0%,0.0%,0.0%,16.67%,0.0%,Peru
Piura,12.5,0.0%,0.0%,0.0%,0.0%,12.5%,0.0%,Peru
Universidad San Marcos,25.0,0.0%,0.0%,0.0%,100.0%,0.0%,0.0%,Peru
LC Xxxx,0.0,0.0%,0.0%,0.0%,0.0%,0.0%,0.0%,Peru
Universidades Nacionales - Per√∫ 2,0.0,0.0%,0.0%,0.0%,0.0%,0.0%,0.0%,Peru
URP,0.0,0.0%,0.0%,0.0%,0.0%,0.0%,0.0%,Peru
Universidades Nacionales - Peru 1,0.0,0.0%,0.0%,0.0%,0.0%,0.0%,0.0%,Peru
Universidades Nacionales - Peru 4,0.0,0.0%,0.0%,0.0%,0.0%,0.0%,0.0%,Peru
Pacifico,13.89,0.0%,33.33%,0.0%,33.33%,0.0%,0.0%,Peru
Universidades Nacionales,0.0,0.0%,0.0%,0.0%,0.0%,0.0%,0.0%,Peru
Ica,0.0,0.0%,0.0%,0.0%,0.0%,0.0%,0.0%,Peru
Cusco,50.0,100.0%,0.0%,0.0%,50.0%,0.0%,0.0%,Peru
EduardoLandia,0.0,0.0%,0.0%,0.0%,0.0%,0.0%,0.0%,Peru
Arequipa,66.67,0.0%,0.0%,0.0%,100.0%,0.0%,0.0%,Peru
EduardoLandia,0.0,0.0%,0.0%,0.0%,0.0%,0.0%,0.0%,Peru
Trujillo,53.85,0.0%,0.0%,0.0%,71.43%,33.33%,0.0%,Peru
CAJAMARCA,0.0,0.0%,0.0%,0.0%,0.0%,0.0%,0.0%,Peru
Catolica,40.0,100.0%,0.0%,0.0%,100.0%,0.0%,0.0%,Peru
PERU,66.67,0.0%,100.0%,0.0%,100.0%,0.0%,0.0%,Peru
Chiclayo,20.0,0.0%,0.0%,0.0%,25.0%,0.0%,0.0%,Peru
Blank,0.0,0.0%,0.0%,0.0%,0.0%,0.0%,0.0%,Peru
Universidades Nacionales - Per√∫ 3,0.0,0.0%,0.0%,0.0%,0.0%,0.0%,0.0%,Peru
Huancayo,0.0,0.0%,0.0%,0.0%,0.0%,0.0%,0.0%,Peru
Ateneo de Manila University,0.0,0.0%,0.0%,0.0%,0.0%,0.0%,0.0%,Philippines
De La Salle - College of St. Benilde,0.0,0.0%,0.0%,0.0%,0.0%,0.0%,0.0%,Philippines
De La Salle University,33.33,100.0%,0.0%,0.0%,0.0%,0.0%,0.0%,Philippines
Miriam College,0.0,0.0%,0.0%,0.0%,0.0%,0.0%,0.0%,Philippines
University of the Philippines - Clark,0.0,0.0%,0.0%,0.0%,0.0%,0.0%,0.0%,Philippines
San Beda University,0.0,0.0%,0.0%,0.0%,0.0%,0.0%,0.0%,Philippines
The Philippines [MC],0.0,0.0%,0.0%,0.0%,0.0%,0.0%,0.0%,Philippines
University of Santo Tomas,0.0,0.0%,0.0%,0.0%,0.0%,0.0%,0.0%,Philippines
University of the Philippines Diliman,0.0,0.0%,0.0%,0.0%,0.0%,0.0%,0.0%,Philippines
University of the Philippines Los Ba√±os,0.0,0.0%,0.0%,0.0%,0.0%,0.0%,0.0%,Philippines
University of the Philippines - Manila,0.0,0.0%,0.0%,0.0%,0.0%,0.0%,0.0%,Philippines
RZESZ√ìW,0.0,0.0%,0.0%,0.0%,0.0%,0.0%,0.0%,Poland
MC Poland 2,0.0,0.0%,0.0%,0.0%,0.0%,0.0%,0.0%,Poland
WARSZAWA SGH,16.67,20.0%,0.0%,0.0%,0.0%,50.0%,0.0%,Poland
POZNA≈É,100.0,0.0%,0.0%,0.0%,0.0%,100.0%,0.0%,Poland
Warsaw UW,0.0,0.0%,0.0%,0.0%,0.0%,0.0%,0.0%,Poland
LUBLIN UMCS,50.0,0.0%,0.0%,0.0%,50.0%,0.0%,0.0%,Poland
MC Poland,0.0,0.0%,0.0%,0.0%,0.0%,0.0%,0.0%,Poland
KRAKOW,0.0,0.0%,0.0%,0.0%,0.0%,0.0%,0.0%,Poland
LODZ,0.0,0.0%,0.0%,0.0%,0.0%,0.0%,0.0%,Poland
GDANSK UG,0.0,0.0%,0.0%,0.0%,0.0%,0.0%,0.0%,Poland
WROCLAW UE,50.0,66.67%,0.0%,0.0%,0.0%,0.0%,0.0%,Poland
KIELCE,100.0,100.0%,0.0%,0.0%,0.0%,0.0%,0.0%,Poland
Wroclaw UT,0.0,0.0%,0.0%,0.0%,0.0%,0.0%,0.0%,Poland
BIALYSTOK,0.0,0.0%,0.0%,0.0%,0.0%,0.0%,0.0%,Poland
KATOWICE UE,100.0,100.0%,0.0%,0.0%,0.0%,0.0%,0.0%,Poland
SZCZECIN,0.0,0.0%,0.0%,0.0%,0.0%,0.0%,0.0%,Poland
TORUN UMK,0.0,0.0%,0.0%,0.0%,0.0%,0.0%,0.0%,Poland
Lisboa ISEG,25.0,0.0%,0.0%,0.0%,33.33%,0.0%,0.0%,Portugal
PORTO FEP,14.29,0.0%,0.0%,0.0%,0.0%,14.29%,0.0%,Portugal
Portugal (National),0.0,0.0%,0.0%,0.0%,0.0%,0.0%,0.0%,Portugal
UMinho,71.43,66.67%,0.0%,0.0%,100.0%,0.0%,0.0%,Portugal
Coimbra NEFE,0.0,0.0%,0.0%,0.0%,0.0%,0.0%,0.0%,Portugal
Lisboa Centro,0.0,0.0%,0.0%,0.0%,0.0%,0.0%,0.0%,Portugal
Lisboa ISCTE,0.0,0.0%,0.0%,0.0%,0.0%,0.0%,0.0%,Portugal
Mayaguez,0.0,0.0%,0.0%,0.0%,0.0%,0.0%,0.0%,Puerto Rico
Rio Piedras,0.0,0.0%,0.0%,0.0%,0.0%,0.0%,0.0%,Puerto Rico
Sagrado Corazon,0.0,0.0%,0.0%,0.0%,0.0%,0.0%,0.0%,Puerto Rico
QATAR FOUNDATION,0.0,0.0%,0.0%,0.0%,0.0%,0.0%,0.0%,Qatar
QATAR UNIVERSITY,0.0,0.0%,0.0%,0.0%,0.0%,0.0%,0.0%,Qatar
BUCURESTI,76.47,85.71%,0.0%,0.0%,0.0%,100.0%,0.0%,Romania
CONSTANTA,0.0,0.0%,0.0%,0.0%,0.0%,0.0%,0.0%,Romania
BRASOV,77.78,77.78%,0.0%,0.0%,0.0%,0.0%,0.0%,Romania
IASI,40.0,0.0%,50.0%,0.0%,0.0%,0.0%,0.0%,Romania
ORADEA,0.0,0.0%,0.0%,0.0%,0.0%,0.0%,0.0%,Romania
ROMANIA (National),0.0,0.0%,0.0%,0.0%,0.0%,0.0%,0.0%,Romania
PITESTI,0.0,0.0%,0.0%,0.0%,0.0%,0.0%,0.0%,Romania
Craiova,100.0,100.0%,0.0%,0.0%,0.0%,0.0%,0.0%,Romania
SIBIU,0.0,0.0%,0.0%,0.0%,0.0%,0.0%,0.0%,Romania
Cluj-Napoca,45.0,77.78%,20.0%,0.0%,50.0%,0.0%,0.0%,Romania
TIMISOARA,50.0,0.0%,50.0%,0.0%,0.0%,0.0%,0.0%,Romania
GALATI,100.0,0.0%,0.0%,0.0%,100.0%,0.0%,0.0%,Romania
University of Bucharest,0.0,0.0%,0.0%,0.0%,0.0%,0.0%,0.0%,Romania
YAROSLAVL',0.0,0.0%,0.0%,0.0%,0.0%,0.0%,0.0%,Russia
KRASNODAR - VAM,0.0,0.0%,0.0%,0.0%,0.0%,0.0%,0.0%,Russia
IZHEVSK - VAM,0.0,0.0%,0.0%,0.0%,0.0%,0.0%,0.0%,Russia
UFA,0.0,0.0%,0.0%,0.0%,0.0%,0.0%,0.0%,Russia
ULAN-UDE - VAM,0.0,0.0%,0.0%,0.0%,0.0%,0.0%,0.0%,Russia
ORENBURG - VAM,0.0,0.0%,0.0%,0.0%,0.0%,0.0%,0.0%,Russia
RUSSIA (MC),0.0,0.0%,0.0%,0.0%,0.0%,0.0%,0.0%,Russia
VORONEZH,0.0,0.0%,0.0%,0.0%,0.0%,0.0%,0.0%,Russia
SAMARA - Expansions,0.0,0.0%,0.0%,0.0%,0.0%,0.0%,0.0%,Russia
Kursk,0.0,0.0%,0.0%,0.0%,0.0%,0.0%,0.0%,Russia
TOMSK - VAM,0.0,0.0%,0.0%,0.0%,0.0%,0.0%,0.0%,Russia
REU (Moscow),0.0,0.0%,0.0%,0.0%,0.0%,0.0%,0.0%,Russia
KAZAN,0.0,0.0%,0.0%,0.0%,0.0%,0.0%,0.0%,Russia
PERM,0.0,0.0%,0.0%,0.0%,0.0%,0.0%,0.0%,Russia
TYUMEN,0.0,0.0%,0.0%,0.0%,0.0%,0.0%,0.0%,Russia
"SPUEF, Saint-Petersburg",0.0,0.0%,0.0%,0.0%,0.0%,0.0%,0.0%,Russia
Rostov-on-Don,0.0,0.0%,0.0%,0.0%,0.0%,0.0%,0.0%,Russia
EKATERINBURG,0.0,0.0%,0.0%,0.0%,0.0%,0.0%,0.0%,Russia
KRASNOYARSK - VAM,0.0,0.0%,0.0%,0.0%,0.0%,0.0%,0.0%,Russia
MOSCOW,14.29,0.0%,0.0%,0.0%,0.0%,20.0%,0.0%,Russia
OMSK - VAM,0.0,0.0%,0.0%,0.0%,0.0%,0.0%,0.0%,Russia
NOVOSIBIRSK - Expansion,0.0,0.0%,0.0%,0.0%,0.0%,0.0%,0.0%,Russia
KALININGRAD - Expansions,0.0,0.0%,0.0%,0.0%,0.0%,0.0%,0.0%,Russia
VAM RUSSIA,0.0,0.0%,0.0%,0.0%,0.0%,0.0%,0.0%,Russia
"ENGEC-GUAP, Saint-Petersburg",25.0,0.0%,0.0%,0.0%,0.0%,50.0%,0.0%,Russia
NIZHNY NOVGOROD,0.0,0.0%,0.0%,0.0%,0.0%,0.0%,0.0%,Russia
CHELYABINSK - Expansions,0.0,0.0%,0.0%,0.0%,0.0%,0.0%,0.0%,Russia
CBE,0.0,0.0%,0.0%,0.0%,0.0%,0.0%,0.0%,Rwanda
CST,0.0,0.0%,0.0%,0.0%,0.0%,0.0%,0.0%,Rwanda
Huye,0.0,0.0%,0.0%,0.0%,0.0%,0.0%,0.0%,Rwanda
AIESEC in Kigali,7.69,8.33%,0.0%,0.0%,0.0%,0.0%,0.0%,Rwanda
Kigali Institute of Management (KIM),0.0,0.0%,0.0%,0.0%,0.0%,0.0%,0.0%,Rwanda
Musanze,0.0,0.0%,0.0%,0.0%,0.0%,0.0%,0.0%,Rwanda
Rwanda (MC),0.0,0.0%,0.0%,0.0%,0.0%,0.0%,0.0%,Rwanda
UTB,0.0,0.0%,0.0%,0.0%,0.0%,0.0%,0.0%,Rwanda
ENSUP Afrique,0.0,0.0%,0.0%,0.0%,0.0%,0.0%,0.0%,Senegal
IFAGE,0.0,0.0%,0.0%,0.0%,0.0%,0.0%,0.0%,Senegal
CESAG,0.0,0.0%,0.0%,0.0%,0.0%,0.0%,0.0%,Senegal
UNIVERSITE CHEIKH ANTA DIOP,0.0,0.0%,0.0%,0.0%,0.0%,0.0%,0.0%,Senegal
Senegal,0.0,0.0%,0.0%,0.0%,0.0%,0.0%,0.0%,Senegal
Belgrade Faculty of Economics (EF),57.14,100.0%,0.0%,0.0%,40.0%,0.0%,0.0%,Serbia
BELGRADE FON,63.64,80.0%,66.67%,0.0%,33.33%,0.0%,0.0%,Serbia
Bg,0.0,0.0%,0.0%,0.0%,0.0%,0.0%,0.0%,Serbia
KRAGUJEVAC,66.67,66.67%,100.0%,0.0%,0.0%,0.0%,0.0%,Serbia
Metropolitan,62.5,50.0%,100.0%,0.0%,66.67%,0.0%,0.0%,Serbia
NIS,66.67,100.0%,0.0%,0.0%,50.0%,0.0%,0.0%,Serbia
Novi Pazar,0.0,0.0%,0.0%,0.0%,0.0%,0.0%,0.0%,Serbia
NOVI SAD,77.78,100.0%,100.0%,0.0%,0.0%,50.0%,0.0%,Serbia
Singidunum,60.0,66.67%,100.0%,0.0%,100.0%,0.0%,0.0%,Serbia
Subotica,100.0,100.0%,100.0%,0.0%,100.0%,0.0%,0.0%,Serbia
Mahe (and Other),0.0,0.0%,0.0%,0.0%,0.0%,0.0%,0.0%,Seychelles
SITE Students or Graduates,0.0,0.0%,0.0%,0.0%,0.0%,0.0%,0.0%,Seychelles
LC Sierra Leone,0.0,0.0%,0.0%,0.0%,0.0%,0.0%,0.0%,Sierra Leone
National Singapore,0.0,0.0%,0.0%,0.0%,0.0%,0.0%,0.0%,Singapore
NTU,0.0,0.0%,0.0%,0.0%,0.0%,0.0%,0.0%,Singapore
NUS,0.0,0.0%,0.0%,0.0%,0.0%,0.0%,0.0%,Singapore
SIM,0.0,0.0%,0.0%,0.0%,0.0%,0.0%,0.0%,Singapore
SMU,0.0,0.0%,0.0%,0.0%,0.0%,0.0%,0.0%,Singapore
SUTD,0.0,0.0%,0.0%,0.0%,0.0%,0.0%,0.0%,Singapore
Nitra,50.0,50.0%,0.0%,0.0%,0.0%,0.0%,0.0%,Slovakia
Pre≈°ov,0.0,0.0%,0.0%,0.0%,0.0%,0.0%,0.0%,Slovakia
Trnava,0.0,0.0%,0.0%,0.0%,0.0%,0.0%,0.0%,Slovakia
Bansk√° Bystrica,0.0,0.0%,0.0%,0.0%,0.0%,0.0%,0.0%,Slovakia
Bratislava,66.67,100.0%,0.0%,0.0%,0.0%,0.0%,0.0%,Slovakia
Comenius University,33.33,33.33%,0.0%,0.0%,0.0%,0.0%,0.0%,Slovakia
Ko≈°ice,0.0,0.0%,0.0%,0.0%,0.0%,0.0%,0.0%,Slovakia
KRANJ - SU (EXPANSION),0.0,0.0%,0.0%,0.0%,0.0%,0.0%,0.0%,Slovenia
LJUBLJANA,0.0,0.0%,0.0%,0.0%,0.0%,0.0%,0.0%,Slovenia
MARIBOR,0.0,0.0%,0.0%,0.0%,0.0%,0.0%,0.0%,Slovenia
MC Slovenia,0.0,0.0%,0.0%,0.0%,0.0%,0.0%,0.0%,Slovenia
Tshwane University of Technology,0.0,0.0%,0.0%,0.0%,0.0%,0.0%,0.0%,South Africa
University of Cape Town,0.0,0.0%,0.0%,0.0%,0.0%,0.0%,0.0%,South Africa
University of Johannesburg,0.0,0.0%,0.0%,0.0%,0.0%,0.0%,0.0%,South Africa
University of Pretoria,0.0,0.0%,0.0%,0.0%,0.0%,0.0%,0.0%,South Africa
IIE MSA,0.0,0.0%,0.0%,0.0%,0.0%,0.0%,0.0%,South Africa
MC South Africa,0.0,0.0%,0.0%,0.0%,0.0%,0.0%,0.0%,South Africa
Nelson Mandela University,0.0,0.0%,0.0%,0.0%,0.0%,0.0%,0.0%,South Africa
WITWATERSRAND (WITS),0.0,0.0%,0.0%,0.0%,0.0%,0.0%,0.0%,South Africa
Bellaterra Barcelona,0.0,0.0%,0.0%,0.0%,0.0%,0.0%,0.0%,Spain
Bilbao,0.0,0.0%,0.0%,0.0%,0.0%,0.0%,0.0%,Spain
Madrid,0.0,0.0%,0.0%,0.0%,0.0%,0.0%,0.0%,Spain
M√°laga,0.0,0.0%,0.0%,0.0%,0.0%,0.0%,0.0%,Spain
MC Spain [iCX National Accounts],0.0,0.0%,0.0%,0.0%,0.0%,0.0%,0.0%,Spain
MC Spain [oGX National Accounts],0.0,0.0%,0.0%,0.0%,0.0%,0.0%,0.0%,Spain
URL Barcelona,0.0,0.0%,0.0%,0.0%,0.0%,0.0%,0.0%,Spain
Valencia,0.0,0.0%,0.0%,0.0%,0.0%,0.0%,0.0%,Spain
Pompeu Fabra Barcelona,63.16,75.0%,0.0%,0.0%,0.0%,0.0%,0.0%,Spain
Sevilla,0.0,0.0%,0.0%,0.0%,0.0%,0.0%,0.0%,Spain
SPAIN,0.0,0.0%,0.0%,0.0%,0.0%,0.0%,0.0%,Spain
COLOMBO NORTH,35.71,26.32%,0.0%,0.0%,75.0%,0.0%,66.67%,Sri Lanka
RUHUNA,44.44,58.33%,0.0%,0.0%,0.0%,100.0%,0.0%,Sri Lanka
COLOMBO SOUTH,27.27,33.33%,0.0%,0.0%,50.0%,100.0%,0.0%,Sri Lanka
NSBM,100.0,0.0%,0.0%,0.0%,100.0%,0.0%,0.0%,Sri Lanka
KANDY,9.09,50.0%,0.0%,0.0%,0.0%,0.0%,0.0%,Sri Lanka
MC Sri Lanka,0.0,0.0%,0.0%,0.0%,0.0%,0.0%,0.0%,Sri Lanka
COLOMBO CENTRAL,41.18,46.15%,100.0%,0.0%,0.0%,0.0%,0.0%,Sri Lanka
USJ,16.67,13.33%,0.0%,0.0%,0.0%,50.0%,0.0%,Sri Lanka
SLIIT,100.0,0.0%,0.0%,0.0%,100.0%,0.0%,0.0%,Sri Lanka
RAJARATA,0.0,0.0%,0.0%,0.0%,0.0%,0.0%,0.0%,Sri Lanka
NIBM,33.33,0.0%,0.0%,0.0%,0.0%,0.0%,100.0%,Sri Lanka
Muscat City,0.0,0.0%,0.0%,0.0%,0.0%,0.0%,0.0%,Sultanate of Oman
Universities of Swaziland,0.0,0.0%,0.0%,0.0%,0.0%,0.0%,0.0%,Swaziland
Link√∂ping,0.0,0.0%,0.0%,0.0%,0.0%,0.0%,0.0%,Sweden
Gothenburg,0.0,0.0%,0.0%,0.0%,0.0%,0.0%,0.0%,Sweden
Lund,0.0,0.0%,0.0%,0.0%,0.0%,0.0%,0.0%,Sweden
STOCKHOLM,0.0,0.0%,0.0%,0.0%,0.0%,0.0%,0.0%,Sweden
Sweden MC,0.0,0.0%,0.0%,0.0%,0.0%,0.0%,0.0%,Sweden
Uppsala,0.0,0.0%,0.0%,0.0%,0.0%,0.0%,0.0%,Sweden
BASEL - National Office,0.0,0.0%,0.0%,0.0%,0.0%,0.0%,0.0%,Switzerland
BERN,0.0,0.0%,0.0%,0.0%,0.0%,0.0%,0.0%,Switzerland
FRIBOURG,0.0,0.0%,0.0%,0.0%,0.0%,0.0%,0.0%,Switzerland
GENEVA,0.0,0.0%,0.0%,0.0%,0.0%,0.0%,0.0%,Switzerland
LAUSANNE,0.0,0.0%,0.0%,0.0%,0.0%,0.0%,0.0%,Switzerland
LUCERNE - National Office,0.0,0.0%,0.0%,0.0%,0.0%,0.0%,0.0%,Switzerland
Lugano,0.0,0.0%,0.0%,0.0%,0.0%,0.0%,0.0%,Switzerland
National Office Switzerland,0.0,0.0%,0.0%,0.0%,0.0%,0.0%,0.0%,Switzerland
ST GALLEN,0.0,0.0%,0.0%,0.0%,0.0%,0.0%,0.0%,Switzerland
ZURICH,0.0,0.0%,0.0%,0.0%,0.0%,0.0%,0.0%,Switzerland
Taiwan YZU,100.0,0.0%,0.0%,0.0%,100.0%,0.0%,0.0%,Taiwan
Taiwan NTU,44.44,50.0%,0.0%,0.0%,40.0%,0.0%,0.0%,Taiwan
Taiwan NTHU,25.0,0.0%,0.0%,0.0%,33.33%,0.0%,0.0%,Taiwan
Taiwan NCHU,0.0,0.0%,0.0%,0.0%,0.0%,0.0%,0.0%,Taiwan
Taiwan MC,0.0,0.0%,0.0%,0.0%,0.0%,0.0%,0.0%,Taiwan
Taiwan THU,0.0,0.0%,0.0%,0.0%,0.0%,0.0%,0.0%,Taiwan
Taiwan CCU,11.11,16.67%,0.0%,0.0%,0.0%,0.0%,0.0%,Taiwan
Taiwan FCU,100.0,100.0%,0.0%,0.0%,0.0%,0.0%,0.0%,Taiwan
Taiwan NCU,0.0,0.0%,0.0%,0.0%,0.0%,0.0%,0.0%,Taiwan
Taiwan NCKU,0.0,0.0%,0.0%,0.0%,0.0%,0.0%,0.0%,Taiwan
Taiwan NCCU,33.33,33.33%,0.0%,0.0%,0.0%,0.0%,0.0%,Taiwan
Taiwan WZU,0.0,0.0%,0.0%,0.0%,0.0%,0.0%,0.0%,Taiwan
Taiwan NCTU,0.0,0.0%,0.0%,0.0%,0.0%,0.0%,0.0%,Taiwan
Taiwan SCU,0.0,0.0%,0.0%,0.0%,0.0%,0.0%,0.0%,Taiwan
Taiwan NTPU,66.67,100.0%,0.0%,0.0%,0.0%,0.0%,0.0%,Taiwan
Taiwan NSYSU,0.0,0.0%,0.0%,0.0%,0.0%,0.0%,0.0%,Taiwan
Taiwan FJU,100.0,0.0%,0.0%,0.0%,100.0%,0.0%,0.0%,Taiwan
Dushanbe,0.0,0.0%,0.0%,0.0%,0.0%,0.0%,0.0%,Tajikistan
DUSHANBE,0.0,0.0%,0.0%,0.0%,0.0%,0.0%,0.0%,Tajikistan
KHUJAND,0.0,0.0%,0.0%,0.0%,0.0%,0.0%,0.0%,Tajikistan
KILIMANJARO,12.5,12.5%,0.0%,0.0%,0.0%,0.0%,0.0%,Tanzania
MC Tanzania,0.0,0.0%,0.0%,0.0%,0.0%,0.0%,0.0%,Tanzania
AIESEC In MZUMBE,0.0,0.0%,0.0%,0.0%,0.0%,0.0%,0.0%,Tanzania
AIESEC in SAUT,0.0,0.0%,0.0%,0.0%,0.0%,0.0%,0.0%,Tanzania
Expansions CBE,0.0,0.0%,0.0%,0.0%,0.0%,0.0%,0.0%,Tanzania
Expansions IAA,0.0,0.0%,0.0%,0.0%,0.0%,0.0%,0.0%,Tanzania
IFM - INSTITUTE OF FINANCE MANAGEMENT,0.0,0.0%,0.0%,0.0%,0.0%,0.0%,0.0%,Tanzania
UDOM,0.0,0.0%,0.0%,0.0%,0.0%,0.0%,0.0%,Tanzania
UDOM,0.0,0.0%,0.0%,0.0%,0.0%,0.0%,0.0%,Tanzania
UDOM,0.0,0.0%,0.0%,0.0%,0.0%,0.0%,0.0%,Tanzania
UDSM,0.0,0.0%,0.0%,0.0%,0.0%,0.0%,0.0%,Tanzania
Assumption University,50.0,0.0%,0.0%,0.0%,50.0%,0.0%,0.0%,Thailand
Bangkok University,55.56,55.56%,0.0%,0.0%,0.0%,0.0%,0.0%,Thailand
Chiang Mai University,0.0,0.0%,0.0%,0.0%,0.0%,0.0%,0.0%,Thailand
Chulalongkorn University,0.0,0.0%,0.0%,0.0%,0.0%,0.0%,0.0%,Thailand
Kasetsart University,83.33,83.33%,0.0%,0.0%,0.0%,0.0%,0.0%,Thailand
Mahidol University,0.0,0.0%,0.0%,0.0%,0.0%,0.0%,0.0%,Thailand
MC (AIESEC in Thailand),0.0,0.0%,0.0%,0.0%,0.0%,0.0%,0.0%,Thailand
Official Expansion Thailand,0.0,0.0%,0.0%,0.0%,0.0%,0.0%,0.0%,Thailand
Silpakorn University,0.0,0.0%,0.0%,0.0%,0.0%,0.0%,0.0%,Thailand
Stamford University,0.0,0.0%,0.0%,0.0%,0.0%,0.0%,0.0%,Thailand
Thai-Nichi Institute of Technology,0.0,0.0%,0.0%,0.0%,0.0%,0.0%,0.0%,Thailand
Thammasat University,80.0,80.0%,0.0%,0.0%,0.0%,0.0%,0.0%,Thailand
University of the Thai Chamber of Commerce (UTCC),0.0,0.0%,0.0%,0.0%,0.0%,0.0%,0.0%,Thailand
AMSTERDAM,17.65,0.0%,0.0%,0.0%,27.27%,0.0%,0.0%,The Netherlands
DELFT,12.5,0.0%,14.29%,0.0%,11.11%,0.0%,0.0%,The Netherlands
GRONINGEN,12.5,0.0%,0.0%,0.0%,9.09%,50.0%,0.0%,The Netherlands
LEIDEN,100.0,0.0%,0.0%,0.0%,100.0%,0.0%,0.0%,The Netherlands
MAASTRICHT,0.0,0.0%,0.0%,0.0%,0.0%,0.0%,0.0%,The Netherlands
MC The Netherlands,0.0,0.0%,0.0%,0.0%,0.0%,0.0%,0.0%,The Netherlands
NIJMEGEN,13.33,0.0%,0.0%,0.0%,20.0%,0.0%,0.0%,The Netherlands
ROTTERDAM,25.0,0.0%,0.0%,0.0%,33.33%,50.0%,0.0%,The Netherlands
TILBURG,22.22,0.0%,16.67%,0.0%,0.0%,50.0%,0.0%,The Netherlands
Twente,0.0,0.0%,0.0%,0.0%,0.0%,0.0%,0.0%,The Netherlands
UTRECHT,35.71,0.0%,0.0%,0.0%,71.43%,0.0%,0.0%,The Netherlands
Wageningen,0.0,0.0%,0.0%,0.0%,0.0%,0.0%,0.0%,The Netherlands
ESIG-GS (EXPANSION),0.0,0.0%,0.0%,0.0%,0.0%,0.0%,0.0%,Togo
UNIVERSITE DE KARA,0.0,0.0%,0.0%,0.0%,0.0%,0.0%,0.0%,Togo
Universit√© de Lom√©,0.0,0.0%,0.0%,0.0%,0.0%,0.0%,0.0%,Togo
BARDO,15.38,0.0%,0.0%,0.0%,66.67%,13.64%,9.09%,Tunisia
Bizerte,50.0,0.0%,0.0%,100.0%,0.0%,0.0%,0.0%,Tunisia
Carthage,8.33,50.0%,0.0%,0.0%,40.0%,0.0%,0.0%,Tunisia
HADRUMET,5.56,0.0%,0.0%,0.0%,50.0%,5.0%,0.0%,Tunisia
Virtual Expansion (MC Tunisia),0.0,0.0%,0.0%,0.0%,0.0%,0.0%,0.0%,Tunisia
Virtual Expansion MC Tunisia,0.0,0.0%,0.0%,0.0%,0.0%,0.0%,0.0%,Tunisia
MEDINA,28.57,0.0%,0.0%,0.0%,80.0%,40.0%,0.0%,Tunisia
NABEL,18.18,100.0%,0.0%,0.0%,0.0%,25.0%,0.0%,Tunisia
RUSPINA,26.47,75.0%,60.0%,0.0%,0.0%,28.57%,5.56%,Tunisia
SFAX,35.71,83.33%,0.0%,0.0%,0.0%,0.0%,0.0%,Tunisia
Tacapes,33.33,0.0%,0.0%,100.0%,0.0%,0.0%,0.0%,Tunisia
THYNA,50.0,100.0%,0.0%,0.0%,0.0%,100.0%,0.0%,Tunisia
UNIVERSITY,25.71,0.0%,33.33%,33.33%,80.0%,11.11%,13.33%,Tunisia
ISTANBUL,41.24,65.0%,15.0%,0.0%,95.0%,22.22%,0.0%,Turkey
KOCAELI,17.02,38.46%,8.33%,5.08%,75.0%,100.0%,0.0%,Turkey
ANTALYA,54.55,40.0%,33.33%,0.0%,87.5%,0.0%,0.0%,Turkey
ISTANBUL ASIA,23.19,56.25%,0.0%,2.63%,50.0%,66.67%,0.0%,Turkey
ESKISEHIR,21.05,66.67%,0.0%,10.0%,100.0%,0.0%,0.0%,Turkey
DENIZLI,37.5,75.0%,0.0%,0.0%,0.0%,0.0%,0.0%,Turkey
ISPARTA,77.78,75.0%,0.0%,100.0%,0.0%,0.0%,0.0%,Turkey
BURSA,28.12,72.73%,8.33%,11.76%,75.0%,66.67%,0.0%,Turkey
ISTANBUL WEST,17.33,50.0%,0.0%,4.76%,90.91%,0.0%,0.0%,Turkey
GAZIANTEP,11.63,75.0%,0.0%,3.12%,100.0%,0.0%,0.0%,Turkey
KONYA,7.14,0.0%,0.0%,0.0%,50.0%,0.0%,0.0%,Turkey
EASTERN MEDITERRANEAN,0.0,0.0%,0.0%,0.0%,0.0%,0.0%,0.0%,Turkey
TRABZON,0.0,0.0%,0.0%,0.0%,0.0%,0.0%,0.0%,Turkey
ANKARA,46.51,68.42%,0.0%,0.0%,85.71%,50.0%,0.0%,Turkey
ADANA,27.27,80.0%,33.33%,0.0%,0.0%,0.0%,0.0%,Turkey
SAKARYA,31.25,0.0%,0.0%,0.0%,100.0%,0.0%,0.0%,Turkey
AIESEC Turkey,0.0,0.0%,0.0%,0.0%,0.0%,0.0%,0.0%,Turkey
MC Turkey,0.0,0.0%,0.0%,0.0%,0.0%,0.0%,0.0%,Turkey
ƒ∞ZMƒ∞R,45.95,33.33%,12.5%,20.0%,90.91%,100.0%,100.0%,Turkey
MC Turkey II,0.0,0.0%,0.0%,0.0%,0.0%,0.0%,0.0%,Turkey
KUTAHYA,75.0,100.0%,0.0%,0.0%,100.0%,0.0%,0.0%,Turkey
Kasese,0.0,0.0%,0.0%,0.0%,0.0%,0.0%,0.0%,Uganda
MUBS,0.0,0.0%,0.0%,0.0%,0.0%,0.0%,0.0%,Uganda
"Cavendish University, Kampala",0.0,0.0%,0.0%,0.0%,0.0%,0.0%,0.0%,Uganda
IUEA,0.0,0.0%,0.0%,0.0%,0.0%,0.0%,0.0%,Uganda
Kasese LC,0.0,0.0%,0.0%,0.0%,0.0%,0.0%,0.0%,Uganda
MC uganda,25.0,28.57%,0.0%,0.0%,0.0%,0.0%,0.0%,Uganda
Makerere University Kampala,0.0,0.0%,0.0%,0.0%,0.0%,0.0%,0.0%,Uganda
CAVENDISH UNIVERSITY,0.0,0.0%,0.0%,0.0%,0.0%,0.0%,0.0%,Uganda
Kasese,0.0,0.0%,0.0%,0.0%,0.0%,0.0%,0.0%,Uganda
UCU,57.14,57.14%,0.0%,0.0%,0.0%,0.0%,0.0%,Uganda
CAVENDISH UNIVERSITY,0.0,0.0%,0.0%,0.0%,0.0%,0.0%,0.0%,Uganda
Makerere University,0.0,0.0%,0.0%,0.0%,0.0%,0.0%,0.0%,Uganda
Kasese LC,0.0,0.0%,0.0%,0.0%,0.0%,0.0%,0.0%,Uganda
UMU,0.0,0.0%,0.0%,0.0%,0.0%,0.0%,0.0%,Uganda
NDEJJE,0.0,0.0%,0.0%,0.0%,0.0%,0.0%,0.0%,Uganda
KYAMBOGO,37.5,50.0%,0.0%,0.0%,0.0%,0.0%,0.0%,Uganda
KROPYVNYTSKYI,0.0,0.0%,0.0%,0.0%,0.0%,0.0%,0.0%,Ukraine
MC Ukraine,0.0,0.0%,0.0%,0.0%,0.0%,0.0%,0.0%,Ukraine
Kyiv Universities,0.0,0.0%,0.0%,0.0%,0.0%,0.0%,0.0%,Ukraine
LVIV,71.43,0.0%,0.0%,0.0%,81.82%,50.0%,0.0%,Ukraine
ODESA,100.0,0.0%,0.0%,0.0%,100.0%,0.0%,0.0%,Ukraine
KYIV,40.0,0.0%,0.0%,0.0%,66.67%,30.77%,0.0%,Ukraine
IVANO-FRANKIVSK,75.0,0.0%,0.0%,0.0%,85.71%,0.0%,0.0%,Ukraine
KHARKIV,50.0,0.0%,0.0%,0.0%,66.67%,33.33%,0.0%,Ukraine
VINNYTSIA,100.0,0.0%,0.0%,0.0%,100.0%,0.0%,0.0%,Ukraine
DNIPRO,100.0,0.0%,0.0%,0.0%,100.0%,0.0%,0.0%,Ukraine
CHERNIVTSI,0.0,0.0%,0.0%,0.0%,0.0%,0.0%,0.0%,Ukraine
TERNOPIL,66.67,0.0%,0.0%,0.0%,66.67%,0.0%,0.0%,Ukraine
Abu Dhabi (Expansion),0.0,0.0%,0.0%,0.0%,0.0%,0.0%,0.0%,United Arab Emirates
AUD,0.0,0.0%,0.0%,0.0%,0.0%,0.0%,0.0%,United Arab Emirates
Dubai,0.0,0.0%,0.0%,0.0%,0.0%,0.0%,0.0%,United Arab Emirates
ECB,0.0,0.0%,0.0%,0.0%,0.0%,0.0%,0.0%,United Arab Emirates
Sharjah,0.0,0.0%,0.0%,0.0%,0.0%,0.0%,0.0%,United Arab Emirates
UAE (MC),0.0,0.0%,0.0%,0.0%,0.0%,0.0%,0.0%,United Arab Emirates
ABERDEEN,0.0,0.0%,0.0%,0.0%,0.0%,0.0%,0.0%,United Kingdom
KING'S COLLEGE LONDON,0.0,0.0%,0.0%,0.0%,0.0%,0.0%,0.0%,United Kingdom
EDINBURGH,0.0,0.0%,0.0%,0.0%,0.0%,0.0%,0.0%,United Kingdom
LEEDS,0.0,0.0%,0.0%,0.0%,0.0%,0.0%,0.0%,United Kingdom
IMPERIAL COLLEGE LONDON,0.0,0.0%,0.0%,0.0%,0.0%,0.0%,0.0%,United Kingdom
WARWICK,0.0,0.0%,0.0%,0.0%,0.0%,0.0%,0.0%,United Kingdom
UCL,0.0,0.0%,0.0%,0.0%,0.0%,0.0%,0.0%,United Kingdom
GLASGOW,0.0,0.0%,0.0%,0.0%,0.0%,0.0%,0.0%,United Kingdom
LSE,0.0,0.0%,0.0%,0.0%,0.0%,0.0%,0.0%,United Kingdom
NOTTINGHAM,0.0,0.0%,0.0%,0.0%,0.0%,0.0%,0.0%,United Kingdom
Cardiff,0.0,0.0%,0.0%,0.0%,0.0%,0.0%,0.0%,United Kingdom
London - MC UK,0.0,0.0%,0.0%,0.0%,0.0%,0.0%,0.0%,United Kingdom
MANCHESTER,0.0,0.0%,0.0%,0.0%,0.0%,0.0%,0.0%,United Kingdom
BRISTOL,50.0,0.0%,0.0%,0.0%,100.0%,0.0%,0.0%,United Kingdom
HOUSTON,0.0,0.0%,0.0%,0.0%,0.0%,0.0%,0.0%,United States
NORTHWESTERN,0.0,0.0%,0.0%,0.0%,0.0%,0.0%,0.0%,United States
University of California Los Angeles (UCLA),0.0,0.0%,0.0%,0.0%,0.0%,0.0%,0.0%,United States
BOSTON,0.0,0.0%,0.0%,0.0%,0.0%,0.0%,0.0%,United States
SAN JOSE,0.0,0.0%,0.0%,0.0%,0.0%,0.0%,0.0%,United States
EAU CLAIRE,0.0,0.0%,0.0%,0.0%,0.0%,0.0%,0.0%,United States
NEW YORK CITY,0.0,0.0%,0.0%,0.0%,0.0%,0.0%,0.0%,United States
UNITED STATES (MC),0.0,0.0%,0.0%,0.0%,0.0%,0.0%,0.0%,United States
OHIO,0.0,0.0%,0.0%,0.0%,0.0%,0.0%,0.0%,United States
CHAPEL HILL,0.0,0.0%,0.0%,0.0%,0.0%,0.0%,0.0%,United States
YALE,0.0,0.0%,0.0%,0.0%,0.0%,0.0%,0.0%,United States
University of Southern California (USC),0.0,0.0%,0.0%,0.0%,0.0%,0.0%,0.0%,United States
MIAMI FLORIDA,0.0,0.0%,0.0%,0.0%,0.0%,0.0%,0.0%,United States
MICHIGAN,0.0,0.0%,0.0%,0.0%,0.0%,0.0%,0.0%,United States
SEATTLE,0.0,0.0%,0.0%,0.0%,0.0%,0.0%,0.0%,United States
DALLAS,0.0,0.0%,0.0%,0.0%,0.0%,0.0%,0.0%,United States
COLORADO,0.0,0.0%,0.0%,0.0%,0.0%,0.0%,0.0%,United States
ATLANTA,0.0,0.0%,0.0%,0.0%,0.0%,0.0%,0.0%,United States
MADISON,0.0,0.0%,0.0%,0.0%,0.0%,0.0%,0.0%,United States
MARYLAND,0.0,0.0%,0.0%,0.0%,0.0%,0.0%,0.0%,United States
AUSTIN,0.0,0.0%,0.0%,0.0%,0.0%,0.0%,0.0%,United States
ARIZONA,0.0,0.0%,0.0%,0.0%,0.0%,0.0%,0.0%,United States
GEORGIA (UGA),0.0,0.0%,0.0%,0.0%,0.0%,0.0%,0.0%,United States
WASHINGTON DC,0.0,0.0%,0.0%,0.0%,0.0%,0.0%,0.0%,United States
MILWAUKEE,0.0,0.0%,0.0%,0.0%,0.0%,0.0%,0.0%,United States
AIESEC in Uruguay,0.0,0.0%,0.0%,0.0%,0.0%,0.0%,0.0%,Uruguay
AIESEC Uruguay,0.0,0.0%,0.0%,0.0%,0.0%,0.0%,0.0%,Uruguay
MONTEVIDEO,0.0,0.0%,0.0%,0.0%,0.0%,0.0%,0.0%,Uruguay
MVD,0.0,0.0%,0.0%,0.0%,0.0%,0.0%,0.0%,Uruguay
Uzbekistan MC,0.0,0.0%,0.0%,0.0%,0.0%,0.0%,0.0%,Uzbekistan
Aragua,0.0,0.0%,0.0%,0.0%,0.0%,0.0%,0.0%,Venezuela
Barquisimeto,0.0,0.0%,0.0%,0.0%,0.0%,0.0%,0.0%,Venezuela
Carabobo,0.0,0.0%,0.0%,0.0%,0.0%,0.0%,0.0%,Venezuela
Guayana,0.0,0.0%,0.0%,0.0%,0.0%,0.0%,0.0%,Venezuela
Maracaibo,25.0,0.0%,0.0%,0.0%,0.0%,25.0%,0.0%,Venezuela
Merida,0.0,0.0%,0.0%,0.0%,0.0%,0.0%,0.0%,Venezuela
San Crist√≥bal,0.0,0.0%,0.0%,0.0%,0.0%,0.0%,0.0%,Venezuela
UCAB,0.0,0.0%,0.0%,0.0%,0.0%,0.0%,0.0%,Venezuela
UCV&UNIMET,20.0,0.0%,0.0%,0.0%,0.0%,20.0%,0.0%,Venezuela
UNIMET,0.0,0.0%,0.0%,0.0%,0.0%,0.0%,0.0%,Venezuela
USB,16.67,0.0%,0.0%,0.0%,0.0%,20.0%,0.0%,Venezuela
Venezuela - Member Committee,0.0,0.0%,0.0%,0.0%,0.0%,0.0%,0.0%,Venezuela
Can Tho,40.0,0.0%,0.0%,0.0%,66.67%,0.0%,0.0%,VIETNAM
Danang,50.0,0.0%,0.0%,0.0%,60.0%,0.0%,0.0%,VIETNAM
FHN,55.56,0.0%,50.0%,0.0%,57.14%,0.0%,0.0%,VIETNAM
FHCMC,37.25,26.32%,0.0%,6.67%,80.0%,50.0%,0.0%,VIETNAM
Hanoi,55.56,0.0%,50.0%,0.0%,100.0%,0.0%,0.0%,VIETNAM
Ho Chi Minh City,78.12,0.0%,0.0%,0.0%,92.59%,0.0%,0.0%,VIETNAM
Ho Chi Minh City South,65.0,50.0%,0.0%,0.0%,75.0%,0.0%,0.0%,VIETNAM
Ho Chi Minh East,69.23,40.0%,0.0%,0.0%,87.5%,0.0%,0.0%,VIETNAM
MC Vietnam,0.0,0.0%,0.0%,0.0%,0.0%,0.0%,0.0%,VIETNAM
NEU,46.43,38.89%,0.0%,0.0%,50.0%,66.67%,0.0%,VIETNAM
Lusaka,0.0,0.0%,0.0%,0.0%,0.0%,0.0%,0.0%,Zambia
Lusaka,0.0,0.0%,0.0%,0.0%,0.0%,0.0%,0.0%,Zambia
Universities of Zimbabwe,0.0,0.0%,0.0%,0.0%,0.0%,0.0%,0.0%,Zimbabwe
